frame,time_s,found,method,score,sigma_mm,sticker_x_mm,sticker_y_mm,heading_deg,box1_x_mm,box1_y_mm,box2_x_mm,box2_y_mm,box3_x_mm,box3_y_mm,box4_x_mm,box4_y_mm,sticker_height_mm,pitch_deg,roll_deg,plane_fit,stick1_x_mm,stick1_y_mm,stick2_x_mm,stick2_y_mm,stick3_x_mm,stick3_y_mm,stick4_x_mm,stick4_y_mm,wheel_fl_x_mm,wheel_fl_y_mm,wheel_fr_x_mm,wheel_fr_y_mm,wheel_rl_x_mm,wheel_rl_y_mm,wheel_rr_x_mm,wheel_rr_y_mm,1_mm,1_hit,2_mm,2_hit,3_mm,3_hit,4_mm,4_hit
3040,152.0000,1,hybrid:ecc,0.8780,0.192,372.1,2586.4,-90.438,1170.4,93.2,-559.6,106.5,-524.2,4736.3,1205.8,4723.1,1450.0,,,planar,-28.3,2088.0,771.6,2087.3,772.4,3084.8,-27.5,3085.4,1177.3,993.2,-552.7,1006.5,1199.3,3873.1,-530.7,3886.4,972.4,0,-405.0,1,1035.6,0,838.6,0
3041,152.0500,1,hybrid:ecc,0.8792,0.193,372.1,2586.4,-90.438,1170.4,93.2,-559.6,106.5,-524.2,4736.3,1205.8,4723.1,1450.0,,,planar,-28.2,2088.0,771.6,2087.3,772.4,3084.8,-27.5,3085.4,1177.3,993.2,-552.7,1006.5,1199.3,3873.1,-530.7,3886.4,972.4,0,-405.0,1,1035.6,0,838.6,0
3042,152.1000,1,hybrid:ecc,0.8791,0.193,372.1,2586.4,-90.438,1170.4,93.2,-559.6,106.5,-524.2,4736.3,1205.8,4723.1,1450.0,,,planar,-28.2,2088.0,771.6,2087.3,772.4,3084.8,-27.5,3085.4,1177.3,993.2,-552.7,1006.5,1199.3,3873.1,-530.7,3886.4,972.4,0,-405.0,1,1035.6,0,838.6,0
3043,152.1500,1,hybrid:ecc,0.8793,0.192,372.1,2586.4,-90.438,1170.4,93.2,-559.6,106.5,-524.2,4736.3,1205.8,4723.1,1450.0,,,planar,-28.2,2088.0,771.6,2087.3,772.4,3084.8,-27.5,3085.4,1177.3,993.2,-552.7,1006.5,1199.3,3873.1,-530.7,3886.4,972.4,0,-405.0,1,1035.6,0,838.6,0
3044,152.2000,1,hybrid:ecc,0.8793,0.192,372.1,2586.4,-90.438,1170.4,93.2,-559.6,106.5,-524.2,4736.3,1205.8,4723.1,1450.0,,,planar,-28.2,2088.0,771.6,2087.3,772.4,3084.8,-27.5,3085.4,1177.3,993.2,-552.7,1006.5,1199.3,3873.1,-530.7,3886.4,972.4,0,-405.0,1,1035.6,0,838.6,0
3045,152.2500,1,hybrid:ecc,0.8793,0.192,372.1,2586.4,-90.438,1170.4,93.2,-559.6,106.5,-524.2,4736.3,1205.8,4723.1,1450.0,,,planar,-28.2,2088.0,771.6,2087.3,772.4,3084.8,-27.5,3085.4,1177.3,993.2,-552.7,1006.5,1199.3,3873.1,-530.7,3886.4,972.4,0,-405.0,1,1035.6,0,838.6,0
3046,152.3000,1,hybrid:ecc,0.8791,0.193,372.1,2586.4,-90.424,1171.0,93.4,-559.0,106.2,-524.7,4736.1,1205.3,4723.3,1450.0,,,planar,-28.1,2087.9,771.7,2087.4,772.4,3084.9,-27.5,3085.4,1177.7,993.4,-552.3,1006.2,1199.0,3873.3,-531.0,3886.1,972.5,0,-405.1,1,1035.8,0,838.7,0
3047,152.3500,1,hybrid:ecc,0.8789,0.193,372.1,2586.4,-90.424,1171.0,93.4,-559.0,106.2,-524.7,4736.1,1205.3,4723.3,1450.0,,,planar,-28.1,2087.9,771.7,2087.4,772.4,3084.9,-27.5,3085.4,1177.7,993.4,-552.3,1006.2,1199.0,3873.3,-531.0,3886.1,972.5,0,-405.1,1,1035.8,0,838.7,0
3048,152.4000,1,hybrid:ecc,0.8788,0.191,372.1,2586.4,-90.438,1170.4,93.2,-559.6,106.5,-524.2,4736.3,1205.8,4723.1,1450.0,,,planar,-28.2,2088.0,771.7,2087.3,772.5,3084.8,-27.4,3085.4,1177.3,993.2,-552.7,1006.5,1199.3,3873.1,-530.7,3886.4,972.4,0,-405.0,1,1035.6,0,838.6,0
3049,152.4500,1,hybrid:ecc,0.8789,0.191,372.1,2586.4,-90.438,1170.4,93.2,-559.6,106.5,-524.2,4736.3,1205.8,4723.1,1450.0,,,planar,-28.2,2088.0,771.7,2087.3,772.5,3084.8,-27.4,3085.4,1177.3,993.2,-552.7,1006.5,1199.3,3873.1,-530.7,3886.4,972.4,0,-405.0,1,1035.6,0,838.6,0
3050,152.5000,1,hybrid:ecc,0.8788,0.192,372.1,2586.4,-90.438,1170.4,93.2,-559.6,106.5,-524.2,4736.3,1205.8,4723.1,1450.0,,,planar,-28.2,2088.0,771.7,2087.3,772.5,3084.8,-27.4,3085.4,1177.3,993.2,-552.7,1006.5,1199.3,3873.1,-530.7,3886.4,972.4,0,-405.0,1,1035.6,0,838.6,0
3051,152.5500,1,hybrid:ecc,0.8788,0.192,372.1,2586.4,-90.431,1170.7,93.3,-559.3,106.4,-524.4,4736.2,1205.5,4723.2,1450.0,,,planar,-28.2,2088.0,771.7,2087.4,772.5,3084.8,-27.4,3085.4,1177.5,993.3,-552.5,1006.3,1199.1,3873.2,-530.8,3886.3,972.4,0,-405.0,1,1035.7,0,838.7,0
3052,152.6000,1,hybrid:ecc,0.8788,0.192,372.1,2586.4,-90.438,1170.4,93.2,-559.6,106.5,-524.2,4736.3,1205.8,4723.1,1450.0,,,planar,-28.2,2088.0,771.7,2087.3,772.4,3084.8,-27.4,3085.4,1177.3,993.2,-552.7,1006.5,1199.3,3873.1,-530.7,3886.4,972.4,0,-405.0,1,1035.6,0,838.6,0
3053,152.6500,1,hybrid:ecc,0.8786,0.192,372.1,2586.4,-90.438,1170.4,93.2,-559.6,106.5,-524.2,4736.3,1205.8,4723.1,1450.0,,,planar,-28.2,2088.0,771.7,2087.3,772.5,3084.8,-27.4,3085.4,1177.3,993.2,-552.7,1006.5,1199.3,3873.1,-530.7,3886.4,972.4,0,-405.0,1,1035.6,0,838.6,0
3054,152.7000,1,hybrid:ecc,0.8804,0.191,372.3,2586.4,-90.438,1170.6,93.2,-559.4,106.5,-524.0,4736.3,1206.0,4723.1,1450.0,,,planar,-28.1,2088.0,771.7,2087.3,772.7,3084.7,-27.2,3085.5,1177.5,993.2,-552.5,1006.5,1199.5,3873.1,-530.5,3886.4,972.4,0,-404.8,1,1035.6,0,838.4,0
3055,152.7500,1,hybrid:ecc,0.8805,0.191,372.3,2586.4,-90.446,1170.3,93.1,-559.7,106.6,-523.7,4736.5,1206.3,4723.0,1450.0,,,planar,-28.1,2088.0,771.7,2087.2,772.7,3084.7,-27.2,3085.5,1177.3,993.1,-552.7,1006.6,1199.7,3873.0,-530.3,3886.5,972.4,0,-404.8,1,1035.6,0,838.4,0
3056,152.8000,1,hybrid:ecc,0.8804,0.191,372.3,2586.4,-90.446,1170.3,93.1,-559.7,106.6,-523.7,4736.5,1206.3,4723.0,1450.0,,,planar,-28.1,2088.0,771.7,2087.2,772.7,3084.7,-27.2,3085.5,1177.3,993.1,-552.7,1006.6,1199.7,3873.0,-530.3,3886.5,972.4,0,-404.8,1,1035.6,0,838.4,0
3057,152.8500,1,hybrid:ecc,0.8810,0.192,372.3,2586.4,-90.438,1170.6,93.2,-559.4,106.5,-524.0,4736.3,1206.0,4723.1,1450.0,,,planar,-28.0,2088.0,771.8,2087.3,772.7,3084.8,-27.2,3085.5,1177.5,993.2,-552.5,1006.5,1199.5,3873.1,-530.5,3886.4,972.4,0,-404.8,1,1035.6,0,838.4,0
3058,152.9000,1,hybrid:ecc,0.8805,0.193,372.3,2586.4,-90.438,1170.6,93.2,-559.4,106.5,-524.0,4736.3,1206.0,4723.1,1450.0,,,planar,-28.0,2088.0,771.8,2087.3,772.7,3084.8,-27.2,3085.5,1177.5,993.2,-552.5,1006.5,1199.5,3873.1,-530.5,3886.4,972.4,0,-404.8,1,1035.6,0,838.4,0
3059,152.9500,1,hybrid:ecc,0.8805,0.192,372.3,2586.4,-90.438,1170.6,93.2,-559.4,106.5,-524.0,4736.3,1206.0,4723.1,1450.0,,,planar,-28.0,2088.0,771.8,2087.3,772.7,3084.8,-27.2,3085.5,1177.5,993.2,-552.5,1006.5,1199.5,3873.1,-530.5,3886.4,972.4,0,-404.8,1,1035.6,0,838.4,0
3060,153.0000,1,hybrid:ecc,0.8807,0.193,372.3,2586.4,-90.438,1170.6,93.2,-559.4,106.5,-524.0,4736.3,1206.0,4723.1,1450.0,,,planar,-28.0,2088.0,771.8,2087.3,772.7,3084.8,-27.2,3085.5,1177.5,993.2,-552.5,1006.5,1199.5,3873.1,-530.5,3886.4,972.4,0,-404.8,1,1035.6,0,838.4,0
3061,153.0500,1,hybrid:ecc,0.8806,0.193,372.3,2586.4,-90.438,1170.6,93.2,-559.4,106.5,-524.0,4736.3,1206.0,4723.1,1450.0,,,planar,-28.0,2088.0,771.8,2087.3,772.7,3084.8,-27.2,3085.5,1177.5,993.2,-552.5,1006.5,1199.5,3873.1,-530.5,3886.4,972.4,0,-404.8,1,1035.6,0,838.4,0
3062,153.1000,1,hybrid:ecc,0.8844,0.190,372.6,2586.3,-90.446,1170.6,93.0,-559.4,106.5,-523.4,4736.4,1206.6,4722.9,1450.0,,,planar,-27.8,2088.0,772.1,2087.2,773.0,3084.7,-26.9,3085.4,1177.6,993.0,-552.4,1006.5,1200.0,3872.9,-530.0,3886.4,972.3,0,-404.5,1,1035.7,0,838.1,0
3063,153.1500,1,hybrid:ecc,0.8844,0.190,372.6,2586.3,-90.446,1170.6,93.0,-559.4,106.5,-523.4,4736.4,1206.6,4722.9,1450.0,,,planar,-27.8,2088.0,772.0,2087.2,773.0,3084.7,-26.9,3085.4,1177.6,993.0,-552.4,1006.5,1200.0,3872.9,-530.0,3886.4,972.3,0,-404.5,1,1035.7,0,838.1,0
3064,153.2000,1,hybrid:ecc,0.8845,0.190,372.6,2586.3,-90.446,1170.6,93.0,-559.4,106.5,-523.4,4736.4,1206.6,4722.9,1450.0,,,planar,-27.8,2088.0,772.1,2087.2,773.0,3084.7,-26.9,3085.4,1177.6,993.0,-552.4,1006.5,1200.0,3872.9,-530.0,3886.4,972.3,0,-404.5,1,1035.7,0,838.1,0
3065,153.2500,1,hybrid:ecc,0.8845,0.190,372.6,2586.3,-90.446,1170.6,93.0,-559.4,106.5,-523.4,4736.4,1206.6,4722.9,1450.0,,,planar,-27.8,2088.0,772.1,2087.2,773.0,3084.7,-26.9,3085.4,1177.6,993.0,-552.4,1006.5,1200.0,3872.9,-530.0,3886.4,972.3,0,-404.5,1,1035.7,0,838.1,0
3066,153.3000,1,hybrid:ecc,0.8844,0.190,372.6,2586.3,-90.446,1170.6,93.0,-559.4,106.5,-523.4,4736.4,1206.6,4722.9,1450.0,,,planar,-27.8,2088.0,772.1,2087.2,773.0,3084.7,-26.9,3085.4,1177.6,993.0,-552.4,1006.5,1200.0,3872.9,-530.0,3886.4,972.3,0,-404.5,1,1035.7,0,838.1,0
3067,153.3500,1,hybrid:ecc,0.8844,0.190,372.6,2586.3,-90.446,1170.6,93.0,-559.4,106.5,-523.4,4736.4,1206.6,4722.9,1450.0,,,planar,-27.8,2088.0,772.1,2087.2,773.0,3084.7,-26.9,3085.4,1177.6,993.0,-552.4,1006.5,1200.0,3872.9,-530.0,3886.4,972.3,0,-404.5,1,1035.7,0,838.1,0
3068,153.4000,1,hybrid:ecc,0.8844,0.190,372.6,2586.3,-90.446,1170.6,93.0,-559.4,106.5,-523.4,4736.4,1206.6,4722.9,1450.0,,,planar,-27.8,2088.0,772.1,2087.2,773.0,3084.7,-26.9,3085.4,1177.6,993.0,-552.4,1006.5,1200.0,3872.9,-530.0,3886.4,972.3,0,-404.5,1,1035.7,0,838.1,0
3069,153.4500,1,hybrid:ecc,0.8844,0.190,372.6,2586.3,-90.446,1170.6,93.0,-559.4,106.5,-523.4,4736.4,1206.6,4722.9,1450.0,,,planar,-27.8,2088.0,772.1,2087.2,773.0,3084.7,-26.9,3085.4,1177.6,993.0,-552.4,1006.5,1200.0,3872.9,-530.0,3886.4,972.3,0,-404.5,1,1035.7,0,838.1,0
3070,153.5000,1,hybrid:ecc,0.8844,0.190,372.6,2586.3,-90.446,1170.6,93.0,-559.4,106.5,-523.4,4736.4,1206.6,4722.9,1450.0,,,planar,-27.8,2088.0,772.1,2087.2,773.0,3084.7,-26.9,3085.4,1177.6,993.0,-552.4,1006.5,1200.0,3872.9,-530.0,3886.4,972.3,0,-404.5,1,1035.7,0,838.1,0
3071,153.5500,1,hybrid:ecc,0.8845,0.191,372.6,2586.3,-90.446,1170.6,93.0,-559.4,106.5,-523.4,4736.4,1206.6,4722.9,1450.0,,,planar,-27.8,2088.0,772.1,2087.2,773.0,3084.7,-26.9,3085.4,1177.6,993.0,-552.4,1006.5,1200.0,3872.9,-530.0,3886.4,972.3,0,-404.5,1,1035.7,0,838.1,0
3072,153.6000,1,hybrid:ecc,0.8851,0.190,372.6,2586.3,-90.446,1170.6,93.0,-559.4,106.5,-523.4,4736.4,1206.6,4722.9,1450.0,,,planar,-27.8,2088.0,772.1,2087.2,773.0,3084.6,-26.8,3085.4,1177.6,993.0,-552.4,1006.5,1200.0,3872.9,-530.0,3886.4,972.3,0,-404.5,1,1035.7,0,838.1,0
3073,153.6500,1,hybrid:ecc,0.8851,0.189,372.6,2586.3,-90.446,1170.6,93.0,-559.4,106.5,-523.4,4736.4,1206.6,4722.9,1450.0,,,planar,-27.8,2088.0,772.1,2087.2,773.0,3084.6,-26.8,3085.4,1177.6,993.0,-552.4,1006.5,1200.0,3872.9,-530.0,3886.4,972.3,0,-404.5,1,1035.7,0,838.1,0
3074,153.7000,1,hybrid:ecc,0.8851,0.189,372.6,2586.3,-90.446,1170.6,93.0,-559.4,106.5,-523.4,4736.4,1206.6,4722.9,1450.0,,,planar,-27.8,2088.0,772.1,2087.2,773.0,3084.6,-26.8,3085.4,1177.6,993.0,-552.4,1006.5,1200.0,3872.9,-530.0,3886.4,972.3,0,-404.5,1,1035.7,0,838.1,0
3075,153.7500,1,hybrid:ecc,0.8851,0.189,372.6,2586.3,-90.446,1170.6,93.0,-559.4,106.5,-523.4,4736.4,1206.6,4722.9,1450.0,,,planar,-27.8,2088.0,772.1,2087.2,773.0,3084.6,-26.8,3085.4,1177.6,993.0,-552.4,1006.5,1200.0,3872.9,-530.0,3886.4,972.3,0,-404.5,1,1035.7,0,838.1,0
3076,153.8000,1,hybrid:ecc,0.8851,0.189,372.6,2586.3,-90.446,1170.6,93.0,-559.4,106.5,-523.4,4736.4,1206.6,4722.9,1450.0,,,planar,-27.8,2088.0,772.1,2087.2,773.0,3084.6,-26.8,3085.4,1177.6,993.0,-552.4,1006.5,1200.0,3872.9,-530.0,3886.4,972.3,0,-404.5,1,1035.7,0,838.1,0
3077,153.8500,1,hybrid:ecc,0.8850,0.190,372.6,2586.3,-90.446,1170.6,93.0,-559.4,106.5,-523.4,4736.4,1206.6,4722.9,1450.0,,,planar,-27.8,2088.0,772.1,2087.2,773.0,3084.6,-26.8,3085.4,1177.6,993.0,-552.4,1006.5,1200.0,3872.9,-530.0,3886.4,972.3,0,-404.5,1,1035.7,0,838.1,0
3078,153.9000,1,hybrid:ecc,0.8851,0.190,372.6,2586.3,-90.446,1170.6,93.0,-559.4,106.5,-523.4,4736.4,1206.6,4722.9,1450.0,,,planar,-27.8,2088.0,772.0,2087.2,773.0,3084.6,-26.8,3085.4,1177.6,993.0,-552.4,1006.5,1200.0,3872.9,-530.0,3886.4,972.3,0,-404.5,1,1035.7,0,838.1,0
3079,153.9500,1,hybrid:ecc,0.8852,0.189,372.6,2586.3,-90.446,1170.6,93.0,-559.4,106.5,-523.4,4736.4,1206.6,4722.9,1450.0,,,planar,-27.8,2088.0,772.0,2087.2,773.0,3084.6,-26.8,3085.4,1177.6,993.0,-552.4,1006.5,1200.0,3872.9,-530.0,3886.4,972.3,0,-404.5,1,1035.7,0,838.1,0
3080,154.0000,1,hybrid:ecc,0.8852,0.189,372.6,2586.3,-90.446,1170.6,93.0,-559.4,106.5,-523.4,4736.4,1206.6,4722.9,1450.0,,,planar,-27.8,2088.0,772.0,2087.2,773.0,3084.6,-26.8,3085.4,1177.6,993.0,-552.4,1006.5,1200.0,3872.9,-530.0,3886.4,972.3,0,-404.5,1,1035.7,0,838.1,0
3081,154.0500,1,hybrid:ecc,0.8853,0.189,372.6,2586.3,-90.453,1170.2,92.9,-559.7,106.6,-523.1,4736.5,1206.8,4722.8,1450.0,,,planar,-27.8,2088.0,772.0,2087.1,773.0,3084.6,-26.8,3085.4,1177.4,992.9,-552.6,1006.6,1200.1,3872.8,-529.8,3886.5,972.2,0,-404.4,1,1035.6,0,838.1,0
3082,154.1000,1,hybrid:ecc,0.8854,0.189,372.6,2586.3,-90.438,1170.9,93.1,-559.1,106.4,-523.7,4736.2,1206.3,4723.0,1450.0,,,planar,-27.8,2087.9,772.0,2087.2,773.0,3084.6,-26.9,3085.4,1177.8,993.1,-552.2,1006.4,1199.8,3873.0,-530.2,3886.3,972.3,0,-404.5,1,1035.7,0,838.1,0
3083,154.1500,1,hybrid:ecc,0.8853,0.188,372.6,2586.3,-90.453,1170.2,92.9,-559.7,106.6,-523.1,4736.5,1206.8,4722.8,1450.0,,,planar,-27.9,2088.0,772.0,2087.1,773.1,3084.6,-26.8,3085.5,1177.4,992.9,-552.6,1006.6,1200.1,3872.8,-529.8,3886.5,972.2,0,-404.4,1,1035.6,0,838.1,0
3084,154.2000,1,hybrid:ecc,0.8849,0.191,372.6,2586.3,-90.438,1170.9,93.1,-559.1,106.4,-523.7,4736.2,1206.3,4723.0,1450.0,,,planar,-27.8,2087.9,772.0,2087.2,772.9,3084.7,-26.9,3085.4,1177.8,993.1,-552.2,1006.4,1199.8,3873.0,-530.2,3886.3,972.3,0,-404.5,1,1035.7,0,838.1,0
3085,154.2500,1,hybrid:ecc,0.8848,0.190,372.6,2586.3,-90.446,1170.6,93.0,-559.4,106.5,-523.4,4736.4,1206.6,4722.9,1450.0,,,planar,-27.8,2088.0,772.0,2087.2,773.0,3084.6,-26.8,3085.4,1177.6,993.0,-552.4,1006.5,1200.0,3872.9,-530.0,3886.4,972.3,0,-404.5,1,1035.7,0,838.1,0
3086,154.3000,1,hybrid:ecc,0.8849,0.190,372.6,2586.3,-90.446,1170.6,93.0,-559.4,106.5,-523.4,4736.4,1206.6,4722.9,1450.0,,,planar,-27.8,2088.0,772.1,2087.2,773.0,3084.6,-26.8,3085.4,1177.6,993.0,-552.4,1006.5,1200.0,3872.9,-530.0,3886.4,972.3,0,-404.5,1,1035.7,0,838.1,0
3087,154.3500,1,hybrid:ecc,0.8849,0.190,372.6,2586.3,-90.446,1170.6,93.0,-559.4,106.5,-523.4,4736.4,1206.6,4722.9,1450.0,,,planar,-27.8,2088.0,772.1,2087.2,773.0,3084.6,-26.8,3085.4,1177.6,993.0,-552.4,1006.5,1200.0,3872.9,-530.0,3886.4,972.3,0,-404.5,1,1035.7,0,838.1,0
3088,154.4000,1,hybrid:ecc,0.8850,0.190,372.6,2586.3,-90.446,1170.6,93.0,-559.4,106.5,-523.4,4736.4,1206.6,4722.9,1450.0,,,planar,-27.8,2088.0,772.1,2087.2,773.0,3084.6,-26.8,3085.4,1177.6,993.0,-552.4,1006.5,1200.0,3872.9,-530.0,3886.4,972.3,0,-404.5,1,1035.7,0,838.1,0
3089,154.4500,1,hybrid:ecc,0.8850,0.190,372.6,2586.3,-90.446,1170.6,93.0,-559.4,106.5,-523.4,4736.4,1206.6,4722.9,1450.0,,,planar,-27.8,2088.0,772.1,2087.2,773.0,3084.6,-26.8,3085.4,1177.6,993.0,-552.4,1006.5,1200.0,3872.9,-530.0,3886.4,972.3,0,-404.5,1,1035.7,0,838.1,0
3090,154.5000,1,hybrid:ecc,0.8850,0.190,372.6,2586.3,-90.446,1170.6,93.0,-559.4,106.5,-523.4,4736.4,1206.6,4722.9,1450.0,,,planar,-27.8,2088.0,772.1,2087.2,773.0,3084.6,-26.8,3085.4,1177.6,993.0,-552.4,1006.5,1200.0,3872.9,-530.0,3886.4,972.3,0,-404.5,1,1035.7,0,838.1,0
3091,154.5500,1,hybrid:ecc,0.8850,0.190,372.6,2586.3,-90.446,1170.6,93.0,-559.4,106.5,-523.4,4736.4,1206.6,4722.9,1450.0,,,planar,-27.8,2088.0,772.1,2087.2,773.0,3084.6,-26.8,3085.4,1177.6,993.0,-552.4,1006.5,1200.0,3872.9,-530.0,3886.4,972.3,0,-404.5,1,1035.7,0,838.1,0
3092,154.6000,1,hybrid:ecc,0.8850,0.190,372.6,2586.3,-90.446,1170.6,93.0,-559.4,106.5,-523.4,4736.4,1206.6,4722.9,1450.0,,,planar,-27.8,2088.0,772.1,2087.2,773.0,3084.6,-26.8,3085.4,1177.6,993.0,-552.4,1006.5,1200.0,3872.9,-530.0,3886.4,972.3,0,-404.5,1,1035.7,0,838.1,0
3093,154.6500,1,hybrid:ecc,0.8851,0.190,372.6,2586.3,-90.446,1170.6,93.0,-559.4,106.5,-523.4,4736.4,1206.6,4722.9,1450.0,,,planar,-27.8,2088.0,772.1,2087.2,773.0,3084.6,-26.8,3085.4,1177.6,993.0,-552.4,1006.5,1200.0,3872.9,-530.0,3886.4,972.3,0,-404.5,1,1035.7,0,838.1,0
3094,154.7000,1,hybrid:ecc,0.8850,0.190,372.6,2586.3,-90.446,1170.6,93.0,-559.4,106.5,-523.4,4736.4,1206.6,4722.9,1450.0,,,planar,-27.8,2088.0,772.1,2087.2,773.0,3084.6,-26.8,3085.4,1177.6,993.0,-552.4,1006.5,1200.0,3872.9,-530.0,3886.4,972.3,0,-404.5,1,1035.7,0,838.1,0
3095,154.7500,1,hybrid:ecc,0.8850,0.190,372.6,2586.3,-90.446,1170.6,93.0,-559.4,106.5,-523.4,4736.4,1206.6,4722.9,1450.0,,,planar,-27.8,2088.0,772.1,2087.2,773.0,3084.6,-26.8,3085.4,1177.6,993.0,-552.4,1006.5,1200.0,3872.9,-530.0,3886.4,972.3,0,-404.5,1,1035.7,0,838.1,0
3096,154.8000,1,hybrid:ecc,0.8849,0.190,372.6,2586.3,-90.453,1170.2,92.9,-559.7,106.6,-523.1,4736.5,1206.8,4722.8,1450.0,,,planar,-27.8,2088.0,772.0,2087.1,773.1,3084.6,-26.8,3085.4,1177.4,992.9,-552.6,1006.6,1200.1,3872.8,-529.8,3886.5,972.2,0,-404.4,1,1035.6,0,838.1,0
3097,154.8500,1,hybrid:ecc,0.8849,0.190,372.6,2586.3,-90.453,1170.2,92.9,-559.7,106.6,-523.1,4736.5,1206.8,4722.8,1450.0,,,planar,-27.8,2088.0,772.0,2087.1,773.1,3084.6,-26.8,3085.4,1177.4,992.9,-552.6,1006.6,1200.1,3872.8,-529.8,3886.5,972.2,0,-404.4,1,1035.6,0,838.1,0
3098,154.9000,1,hybrid:ecc,0.8846,0.191,372.6,2586.3,-90.446,1170.6,93.0,-559.4,106.5,-523.4,4736.4,1206.6,4722.9,1450.0,,,planar,-27.8,2088.0,772.1,2087.2,773.0,3084.7,-26.8,3085.4,1177.6,993.0,-552.4,1006.5,1200.0,3872.9,-530.0,3886.4,972.3,0,-404.5,1,1035.7,0,838.1,0
3099,154.9500,1,hybrid:ecc,0.8843,0.192,372.6,2586.3,-90.446,1170.6,93.0,-559.4,106.5,-523.4,4736.4,1206.6,4722.9,1450.0,,,planar,-27.8,2088.0,772.1,2087.2,773.0,3084.7,-26.8,3085.4,1177.6,993.0,-552.4,1006.5,1200.0,3872.9,-530.0,3886.4,972.3,0,-404.5,1,1035.7,0,838.1,0
3100,155.0000,1,hybrid:ecc,0.8846,0.192,372.6,2586.3,-90.446,1170.6,93.0,-559.4,106.5,-523.4,4736.4,1206.6,4722.9,1450.0,,,planar,-27.8,2088.0,772.1,2087.2,773.0,3084.7,-26.8,3085.5,1177.6,993.0,-552.4,1006.5,1200.0,3872.9,-530.0,3886.4,972.3,0,-404.5,1,1035.7,0,838.1,0
3101,155.0500,1,hybrid:ecc,0.8846,0.192,372.6,2586.3,-90.446,1170.6,93.0,-559.4,106.5,-523.4,4736.4,1206.6,4722.9,1450.0,,,planar,-27.8,2088.0,772.1,2087.2,773.0,3084.7,-26.8,3085.5,1177.6,993.0,-552.4,1006.5,1200.0,3872.9,-530.0,3886.4,972.3,0,-404.5,1,1035.7,0,838.1,0
3102,155.1000,1,hybrid:ecc,0.8857,0.193,372.0,2586.4,-90.589,1163.7,91.2,-566.2,108.9,-518.6,4738.7,1211.3,4720.9,1450.0,,,planar,-29.6,2089.1,770.2,2086.3,773.6,3083.8,-26.2,3086.5,1173.0,991.1,-556.9,1008.9,1202.6,3871.0,-527.3,3888.7,971.7,0,-404.3,1,1034.1,0,838.2,0
3103,155.1500,1,hybrid:ecc,0.8884,0.192,372.4,2586.4,-90.453,1170.0,93.0,-559.9,106.7,-523.3,4736.6,1206.6,4722.9,1450.0,,,planar,-28.1,2088.1,771.8,2087.2,772.9,3084.7,-26.9,3085.6,1177.2,993.0,-552.8,1006.7,1199.9,3872.9,-530.0,3886.6,972.3,0,-404.6,1,1035.5,0,838.3,0
3104,155.2000,1,hybrid:ecc,0.8859,0.192,371.9,2586.4,-90.589,1163.6,91.2,-566.3,108.9,-518.7,4738.7,1211.2,4720.9,1450.0,,,planar,-29.8,2089.1,770.1,2086.3,773.6,3083.8,-26.3,3086.6,1172.9,991.1,-557.0,1008.9,1202.5,3871.0,-527.4,3888.7,971.7,0,-404.4,1,1034.1,0,838.3,0
3105,155.2500,1,hybrid:ecc,0.8884,0.191,372.4,2586.4,-90.453,1170.0,93.0,-559.9,106.7,-523.3,4736.6,1206.6,4722.9,1450.0,,,planar,-28.1,2088.1,771.8,2087.2,772.9,3084.7,-26.9,3085.6,1177.2,993.0,-552.8,1006.7,1199.9,3872.9,-530.0,3886.6,972.3,0,-404.6,1,1035.5,0,838.3,0
3106,155.3000,1,hybrid:ecc,0.8858,0.192,371.9,2586.5,-90.596,1163.3,91.2,-566.6,109.2,-518.4,4738.9,1211.5,4720.9,1450.0,,,planar,-29.8,2089.2,770.0,2086.3,773.6,3083.7,-26.2,3086.6,1172.7,991.1,-557.2,1009.1,1202.6,3871.0,-527.3,3889.0,971.8,0,-404.3,1,1033.9,0,838.2,0
3107,155.3500,1,hybrid:ecc,0.8885,0.191,372.4,2586.4,-90.453,1170.0,93.0,-559.9,106.7,-523.3,4736.6,1206.6,4722.9,1450.0,,,planar,-28.1,2088.1,771.8,2087.2,772.9,3084.7,-26.9,3085.6,1177.2,993.0,-552.8,1006.7,1199.9,3872.9,-530.0,3886.6,972.3,0,-404.6,1,1035.5,0,838.3,0
3108,155.4000,1,hybrid:ecc,0.8858,0.189,371.9,2586.4,-90.589,1163.6,91.2,-566.3,108.9,-518.7,4738.7,1211.2,4720.9,1450.0,,,planar,-29.7,2089.1,770.1,2086.3,773.6,3083.8,-26.3,3086.5,1172.9,991.1,-557.0,1008.9,1202.5,3871.0,-527.4,3888.7,971.7,0,-404.4,1,1034.1,0,838.3,0
3109,155.4500,1,hybrid:ecc,0.8883,0.190,372.4,2586.4,-90.460,1169.7,92.9,-560.2,106.8,-523.0,4736.7,1206.9,4722.8,1450.0,,,planar,-28.1,2088.2,771.7,2087.2,772.9,3084.7,-26.9,3085.6,1177.0,992.9,-553.0,1006.8,1200.1,3872.8,-529.9,3886.7,972.3,0,-404.6,1,1035.4,0,838.3,0
3110,155.5000,1,hybrid:ecc,0.8853,0.192,371.9,2586.5,-90.582,1163.9,91.4,-566.0,108.9,-519.0,4738.7,1210.9,4721.1,1450.0,,,planar,-29.8,2089.1,770.1,2086.4,773.5,3083.8,-26.3,3086.6,1173.1,991.3,-556.8,1008.9,1202.3,3871.2,-527.6,3888.7,971.8,0,-404.4,1,1034.1,0,838.3,0
3111,155.5500,1,hybrid:ecc,0.8878,0.191,372.4,2586.4,-90.460,1169.7,92.9,-560.2,106.8,-523.0,4736.7,1206.9,4722.8,1450.0,,,planar,-28.1,2088.2,771.7,2087.2,772.9,3084.7,-26.9,3085.6,1177.0,992.9,-553.0,1006.8,1200.1,3872.8,-529.9,3886.7,972.3,0,-404.6,1,1035.4,0,838.3,0
3112,155.6000,1,hybrid:ecc,0.8857,0.190,371.8,2586.5,-90.596,1163.2,91.2,-566.7,109.2,-518.5,4738.9,1211.4,4720.9,1450.0,,,planar,-29.9,2089.2,770.0,2086.3,773.5,3083.8,-26.3,3086.6,1172.6,991.1,-557.3,1009.1,1202.5,3871.0,-527.4,3888.9,971.8,0,-404.4,1,1033.9,0,838.3,0
3113,155.6500,1,hybrid:ecc,0.8884,0.190,372.4,2586.4,-90.446,1170.4,93.1,-559.6,106.6,-523.6,4736.5,1206.4,4723.0,1450.0,,,planar,-28.0,2088.1,771.8,2087.3,772.9,3084.7,-27.0,3085.6,1177.4,993.1,-552.6,1006.6,1199.8,3873.0,-530.2,3886.5,972.4,0,-404.7,1,1035.6,0,838.3,0
3114,155.7000,1,hybrid:ecc,0.8856,0.190,371.9,2586.5,-90.589,1163.6,91.3,-566.3,109.0,-518.7,4738.8,1211.2,4721.0,1450.0,,,planar,-29.8,2089.1,770.0,2086.3,773.5,3083.8,-26.3,3086.6,1172.9,991.2,-557.0,1009.0,1202.5,3871.1,-527.4,3888.8,971.8,0,-404.4,1,1034.0,0,838.3,0
3115,155.7500,1,hybrid:ecc,0.8884,0.190,372.4,2586.4,-90.446,1170.4,93.1,-559.6,106.6,-523.6,4736.5,1206.4,4723.0,1450.0,,,planar,-28.0,2088.1,771.8,2087.3,772.9,3084.7,-26.9,3085.6,1177.4,993.1,-552.6,1006.6,1199.8,3873.0,-530.2,3886.5,972.4,0,-404.7,1,1035.6,0,838.3,0
3116,155.8000,1,hybrid:ecc,0.8857,0.191,371.9,2586.5,-90.582,1163.9,91.4,-566.0,108.9,-519.0,4738.7,1210.9,4721.1,1450.0,,,planar,-29.8,2089.1,770.1,2086.4,773.5,3083.8,-26.3,3086.6,1173.1,991.3,-556.8,1008.9,1202.3,3871.2,-527.6,3888.7,971.8,0,-404.4,1,1034.1,0,838.3,0
3117,155.8500,1,hybrid:ecc,0.8884,0.192,372.4,2586.5,-90.453,1170.0,93.1,-559.9,106.8,-523.3,4736.7,1206.6,4723.0,1450.0,,,planar,-28.0,2088.2,771.8,2087.3,772.9,3084.7,-26.9,3085.6,1177.2,993.1,-552.8,1006.8,1199.9,3873.0,-530.0,3886.7,972.4,0,-404.6,1,1035.4,0,838.3,0
3118,155.9000,1,hybrid:ecc,0.8858,0.191,371.9,2586.5,-90.582,1163.9,91.4,-566.0,108.9,-519.0,4738.7,1210.9,4721.1,1450.0,,,planar,-29.8,2089.1,770.1,2086.4,773.5,3083.8,-26.3,3086.6,1173.1,991.3,-556.8,1008.9,1202.3,3871.2,-527.6,3888.7,971.8,0,-404.4,1,1034.1,0,838.3,0
3119,155.9500,1,hybrid:ecc,0.8897,0.191,372.5,2586.5,-90.453,1170.1,93.1,-559.8,106.8,-523.2,4736.7,1206.7,4723.0,1450.0,,,planar,-28.0,2088.2,771.8,2087.3,772.9,3084.8,-26.9,3085.6,1177.3,993.1,-552.7,1006.8,1200.0,3873.0,-529.9,3886.7,972.4,0,-404.5,1,1035.4,0,838.2,0
3120,156.0000,1,hybrid:ecc,0.8875,0.190,371.8,2586.5,-90.589,1163.5,91.3,-566.4,109.0,-518.8,4738.8,1211.1,4721.0,1450.0,,,planar,-29.9,2089.2,769.9,2086.4,773.5,3083.8,-26.4,3086.7,1172.8,991.2,-557.1,1009.0,1202.4,3871.1,-527.5,3888.8,971.8,0,-404.5,1,1034.0,0,838.4,0
3121,156.0500,1,hybrid:ecc,0.8902,0.190,372.4,2586.5,-90.438,1170.7,93.3,-559.3,106.6,-523.9,4736.4,1206.1,4723.2,1450.0,,,planar,-28.0,2088.1,771.9,2087.4,772.8,3084.8,-27.0,3085.6,1177.6,993.3,-552.4,1006.6,1199.6,3873.2,-530.4,3886.5,972.5,0,-404.7,1,1035.5,0,838.3,0
3122,156.1000,1,hybrid:ecc,0.8873,0.190,371.8,2586.5,-90.589,1163.5,91.3,-566.4,109.0,-518.8,4738.8,1211.1,4721.0,1450.0,,,planar,-29.8,2089.2,770.0,2086.4,773.5,3083.9,-26.3,3086.7,1172.8,991.2,-557.1,1009.0,1202.4,3871.1,-527.5,3888.8,971.8,0,-404.5,1,1034.0,0,838.4,0
3123,156.1500,1,hybrid:ecc,0.8901,0.190,372.4,2586.5,-90.446,1170.4,93.2,-559.6,106.7,-523.6,4736.6,1206.4,4723.1,1450.0,,,planar,-28.0,2088.2,771.9,2087.4,772.9,3084.8,-27.0,3085.6,1177.4,993.2,-552.6,1006.7,1199.8,3873.1,-530.2,3886.6,972.5,0,-404.7,1,1035.5,0,838.3,0
3124,156.2000,1,hybrid:ecc,0.8873,0.190,371.8,2586.5,-90.589,1163.5,91.3,-566.4,109.0,-518.8,4738.8,1211.1,4721.0,1450.0,,,planar,-29.9,2089.2,770.0,2086.4,773.5,3083.8,-26.3,3086.7,1172.8,991.2,-557.1,1009.0,1202.4,3871.1,-527.5,3888.8,971.8,0,-404.5,1,1034.0,0,838.4,0
3125,156.2500,1,hybrid:ecc,0.8900,0.190,372.4,2586.5,-90.438,1170.7,93.3,-559.3,106.6,-523.9,4736.4,1206.1,4723.2,1450.0,,,planar,-28.0,2088.1,771.9,2087.4,772.8,3084.8,-27.0,3085.6,1177.6,993.3,-552.4,1006.6,1199.6,3873.2,-530.4,3886.5,972.5,0,-404.7,1,1035.5,0,838.3,0
3126,156.3000,1,hybrid:ecc,0.8870,0.190,371.8,2586.5,-90.589,1163.5,91.3,-566.4,109.0,-518.8,4738.8,1211.1,4721.0,1450.0,,,planar,-29.9,2089.2,770.0,2086.4,773.5,3083.9,-26.4,3086.7,1172.8,991.2,-557.1,1009.0,1202.4,3871.1,-527.5,3888.8,971.8,0,-404.5,1,1034.0,0,838.4,0
3127,156.3500,1,hybrid:ecc,0.8898,0.189,372.4,2586.5,-90.446,1170.4,93.2,-559.6,106.7,-523.6,4736.6,1206.4,4723.1,1450.0,,,planar,-28.0,2088.2,771.9,2087.4,772.9,3084.8,-27.0,3085.6,1177.4,993.2,-552.6,1006.7,1199.8,3873.1,-530.2,3886.6,972.5,0,-404.7,1,1035.5,0,838.3,0
3128,156.4000,1,hybrid:ecc,0.8873,0.188,371.8,2586.5,-90.589,1163.5,91.3,-566.4,109.0,-518.8,4738.8,1211.1,4721.0,1450.0,,,planar,-29.9,2089.2,770.0,2086.4,773.5,3083.9,-26.4,3086.7,1172.8,991.2,-557.1,1009.0,1202.4,3871.1,-527.5,3888.8,971.8,0,-404.5,1,1034.0,0,838.4,0
3129,156.4500,1,hybrid:ecc,0.8900,0.189,372.5,2586.5,-90.438,1170.8,93.3,-559.2,106.6,-523.8,4736.4,1206.2,4723.2,1450.0,,,planar,-28.0,2088.1,771.9,2087.4,772.9,3084.8,-27.0,3085.6,1177.7,993.3,-552.3,1006.6,1199.7,3873.2,-530.3,3886.5,972.5,0,-404.6,1,1035.5,0,838.2,0
3130,156.5000,1,hybrid:ecc,0.8870,0.188,371.8,2586.5,-90.589,1163.5,91.3,-566.4,109.0,-518.8,4738.8,1211.1,4721.0,1450.0,,,planar,-29.9,2089.2,770.0,2086.4,773.5,3083.8,-26.3,3086.7,1172.8,991.2,-557.1,1009.0,1202.4,3871.1,-527.5,3888.8,971.8,0,-404.5,1,1034.0,0,838.4,0
3131,156.5500,1,hybrid:ecc,0.8899,0.188,372.5,2586.5,-90.438,1170.8,93.3,-559.2,106.6,-523.8,4736.4,1206.2,4723.2,1450.0,,,planar,-28.0,2088.1,771.9,2087.4,772.9,3084.8,-27.0,3085.6,1177.7,993.3,-552.3,1006.6,1199.7,3873.2,-530.3,3886.5,972.5,0,-404.6,1,1035.5,0,838.2,0
3132,156.6000,1,hybrid:ecc,0.8871,0.188,371.8,2586.5,-90.589,1163.5,91.3,-566.4,109.0,-518.8,4738.8,1211.1,4721.0,1450.0,,,planar,-29.9,2089.2,770.0,2086.4,773.5,3083.8,-26.3,3086.7,1172.8,991.2,-557.1,1009.0,1202.4,3871.1,-527.5,3888.8,971.8,0,-404.5,1,1034.0,0,838.4,0
3133,156.6500,1,hybrid:ecc,0.8908,0.188,372.5,2586.5,-90.438,1170.8,93.3,-559.2,106.6,-523.8,4736.4,1206.2,4723.2,1450.0,,,planar,-27.9,2088.1,771.9,2087.4,772.9,3084.8,-26.9,3085.6,1177.7,993.3,-552.3,1006.6,1199.7,3873.2,-530.3,3886.5,972.5,0,-404.6,1,1035.5,0,838.2,0
3134,156.7000,1,hybrid:ecc,0.8880,0.188,371.9,2586.5,-90.589,1163.6,91.3,-566.3,109.0,-518.7,4738.8,1211.2,4721.0,1450.0,,,planar,-29.8,2089.2,770.1,2086.4,773.5,3083.9,-26.3,3086.7,1172.9,991.2,-557.0,1009.0,1202.5,3871.1,-527.4,3888.8,971.8,0,-404.4,1,1034.0,0,838.3,0
3135,156.7500,1,hybrid:ecc,0.8911,0.188,372.5,2586.5,-90.438,1170.8,93.3,-559.2,106.6,-523.8,4736.4,1206.2,4723.2,1450.0,,,planar,-27.9,2088.1,772.0,2087.4,772.9,3084.9,-26.9,3085.6,1177.7,993.3,-552.3,1006.6,1199.7,3873.2,-530.3,3886.5,972.5,0,-404.6,1,1035.5,0,838.2,0
3136,156.8000,1,hybrid:ecc,0.8883,0.188,371.9,2586.5,-90.589,1163.6,91.3,-566.3,109.0,-518.7,4738.8,1211.2,4721.0,1450.0,,,planar,-29.8,2089.2,770.1,2086.4,773.5,3083.9,-26.3,3086.7,1172.9,991.2,-557.0,1009.0,1202.5,3871.1,-527.4,3888.8,971.8,0,-404.4,1,1034.0,0,838.3,0
3137,156.8500,1,hybrid:ecc,0.8910,0.188,372.5,2586.5,-90.438,1170.8,93.3,-559.2,106.6,-523.8,4736.4,1206.2,4723.2,1450.0,,,planar,-27.9,2088.1,772.0,2087.4,772.9,3084.8,-26.9,3085.6,1177.7,993.3,-552.3,1006.6,1199.7,3873.2,-530.3,3886.5,972.5,0,-404.6,1,1035.5,0,838.2,0
3138,156.9000,1,hybrid:ecc,0.8882,0.188,371.9,2586.5,-90.589,1163.6,91.3,-566.3,109.0,-518.7,4738.8,1211.2,4721.0,1450.0,,,planar,-29.8,2089.2,770.1,2086.4,773.5,3083.9,-26.3,3086.7,1172.9,991.2,-557.0,1009.0,1202.5,3871.1,-527.4,3888.8,971.8,0,-404.4,1,1034.0,0,838.3,0
3139,156.9500,1,hybrid:ecc,0.8913,0.188,372.5,2586.5,-90.438,1170.8,93.3,-559.2,106.6,-523.8,4736.4,1206.2,4723.2,1450.0,,,planar,-27.8,2088.1,772.0,2087.4,772.9,3084.9,-26.9,3085.6,1177.7,993.3,-552.3,1006.6,1199.7,3873.2,-530.3,3886.5,972.5,0,-404.6,1,1035.5,0,838.2,0
3140,157.0000,1,hybrid:ecc,0.8887,0.188,371.9,2586.5,-90.589,1163.6,91.3,-566.3,109.0,-518.7,4738.8,1211.2,4721.0,1450.0,,,planar,-29.8,2089.2,770.1,2086.4,773.6,3083.8,-26.2,3086.7,1172.9,991.2,-557.0,1009.0,1202.5,3871.1,-527.4,3888.8,971.8,0,-404.4,1,1034.0,0,838.3,0
3141,157.0500,1,hybrid:ecc,0.8920,0.188,372.6,2586.5,-90.438,1170.9,93.3,-559.1,106.6,-523.7,4736.4,1206.3,4723.2,1450.0,,,planar,-27.8,2088.1,772.0,2087.4,773.0,3084.8,-26.9,3085.6,1177.8,993.3,-552.2,1006.6,1199.8,3873.2,-530.2,3886.5,972.5,0,-404.5,1,1035.5,0,838.1,0
3142,157.1000,1,hybrid:ecc,0.8863,0.194,372.0,2586.6,-90.574,1164.3,91.6,-565.6,108.9,-519.1,4738.7,1210.8,4721.3,1450.0,,,planar,-29.6,2089.1,770.3,2086.5,773.5,3084.0,-26.4,3086.6,1173.4,991.5,-556.5,1008.9,1202.2,3871.4,-527.7,3888.7,972.0,0,-404.3,1,1034.1,0,838.2,0
3143,157.1500,1,hybrid:ecc,0.8887,0.194,372.5,2586.5,-90.431,1171.1,93.4,-558.9,106.5,-524.0,4736.3,1205.9,4723.3,1450.0,,,planar,-27.8,2088.1,772.0,2087.5,772.8,3084.9,-27.1,3085.6,1177.9,993.4,-552.1,1006.4,1199.5,3873.3,-530.4,3886.4,972.5,0,-404.6,1,1035.6,0,838.3,0
3144,157.2000,1,hybrid:ecc,0.8861,0.194,372.0,2586.5,-90.560,1165.0,91.7,-564.9,108.6,-519.7,4738.3,1210.2,4721.4,1450.0,,,planar,-29.4,2089.0,770.4,2086.6,773.4,3084.1,-26.4,3086.5,1173.8,991.6,-556.2,1008.5,1201.9,3871.5,-528.0,3888.4,972.0,0,-404.4,1,1034.3,0,838.3,0
3145,157.2500,1,hybrid:ecc,0.8888,0.193,372.5,2586.5,-90.431,1171.1,93.4,-558.9,106.5,-524.0,4736.3,1205.9,4723.3,1450.0,,,planar,-27.8,2088.1,772.0,2087.5,772.8,3084.9,-27.1,3085.5,1177.9,993.4,-552.1,1006.4,1199.5,3873.3,-530.4,3886.4,972.5,0,-404.6,1,1035.6,0,838.3,0
3146,157.3000,1,hybrid:ecc,0.8864,0.194,372.0,2586.5,-90.560,1165.0,91.7,-564.9,108.6,-519.7,4738.3,1210.2,4721.4,1450.0,,,planar,-29.4,2089.0,770.5,2086.6,773.5,3084.1,-26.4,3086.5,1173.8,991.6,-556.1,1008.5,1201.9,3871.5,-528.0,3888.4,972.0,0,-404.4,1,1034.3,0,838.3,0
3147,157.3500,1,hybrid:ecc,0.8886,0.193,372.5,2586.5,-90.431,1171.1,93.4,-558.9,106.5,-524.0,4736.3,1205.9,4723.3,1450.0,,,planar,-27.8,2088.1,772.0,2087.5,772.8,3084.9,-27.1,3085.5,1177.9,993.4,-552.1,1006.4,1199.5,3873.3,-530.4,3886.4,972.5,0,-404.6,1,1035.6,0,838.3,0
3148,157.4000,1,hybrid:ecc,0.8863,0.193,372.0,2586.5,-90.560,1165.0,91.7,-564.9,108.6,-519.7,4738.3,1210.2,4721.4,1450.0,,,planar,-29.4,2089.0,770.4,2086.6,773.4,3084.1,-26.5,3086.5,1173.8,991.6,-556.2,1008.5,1201.9,3871.5,-528.0,3888.4,972.0,0,-404.4,1,1034.3,0,838.3,0
3149,157.4500,1,hybrid:ecc,0.8889,0.192,372.5,2586.5,-90.431,1171.1,93.4,-558.9,106.5,-524.0,4736.3,1205.9,4723.3,1450.0,,,planar,-27.8,2088.1,772.0,2087.5,772.8,3084.9,-27.1,3085.5,1177.9,993.4,-552.1,1006.4,1199.5,3873.3,-530.4,3886.4,972.5,0,-404.6,1,1035.6,0,838.3,0
3150,157.5000,1,hybrid:ecc,0.8864,0.193,371.9,2586.6,-90.575,1164.2,91.6,-565.7,108.9,-519.2,4738.7,1210.7,4721.3,1450.0,,,planar,-29.6,2089.1,770.2,2086.5,773.5,3084.0,-26.4,3086.6,1173.3,991.5,-556.6,1008.9,1202.1,3871.4,-527.8,3888.7,972.0,0,-404.4,1,1034.1,0,838.3,0
3151,157.5500,1,hybrid:ecc,0.8892,0.192,372.5,2586.5,-90.431,1171.1,93.4,-558.9,106.5,-524.0,4736.3,1205.9,4723.3,1450.0,,,planar,-27.8,2088.1,772.0,2087.5,772.7,3084.9,-27.1,3085.5,1177.9,993.4,-552.1,1006.4,1199.5,3873.3,-530.4,3886.4,972.5,0,-404.6,1,1035.6,0,838.3,0
3152,157.6000,1,hybrid:ecc,0.8863,0.193,372.0,2586.6,-90.567,1164.7,91.7,-565.3,108.8,-519.4,4738.6,1210.5,4721.4,1450.0,,,planar,-29.6,2089.1,770.3,2086.6,773.5,3084.0,-26.4,3086.6,1173.6,991.6,-556.3,1008.7,1202.1,3871.5,-527.8,3888.6,972.0,0,-404.4,1,1034.1,0,838.2,0
3153,157.6500,1,hybrid:ecc,0.8891,0.192,372.5,2586.5,-90.431,1171.1,93.4,-558.9,106.5,-524.0,4736.3,1205.9,4723.3,1450.0,,,planar,-27.8,2088.1,772.0,2087.5,772.8,3084.9,-27.1,3085.5,1177.9,993.4,-552.1,1006.4,1199.5,3873.3,-530.4,3886.4,972.5,0,-404.6,1,1035.6,0,838.3,0
3154,157.7000,1,hybrid:ecc,0.8864,0.193,372.0,2586.6,-90.560,1165.0,91.8,-564.9,108.7,-519.7,4738.4,1210.2,4721.5,1450.0,,,planar,-29.5,2089.0,770.4,2086.6,773.4,3084.1,-26.4,3086.5,1173.8,991.7,-556.1,1008.6,1201.9,3871.6,-528.0,3888.5,972.1,0,-404.4,1,1034.2,0,838.3,0
3155,157.7500,1,hybrid:ecc,0.8890,0.192,372.4,2586.5,-90.431,1171.0,93.4,-559.0,106.5,-524.1,4736.3,1205.8,4723.3,1450.0,,,planar,-27.9,2088.1,772.0,2087.5,772.7,3084.9,-27.1,3085.5,1177.8,993.4,-552.2,1006.4,1199.4,3873.3,-530.5,3886.4,972.5,0,-404.7,1,1035.6,0,838.4,0
3156,157.8000,1,hybrid:ecc,0.8849,0.193,371.8,2586.6,-90.567,1164.5,91.7,-565.5,108.8,-519.6,4738.6,1210.3,4721.4,1450.0,,,planar,-29.7,2089.1,770.2,2086.6,773.4,3084.0,-26.5,3086.6,1173.4,991.6,-556.5,1008.7,1201.9,3871.5,-528.0,3888.6,972.0,0,-404.6,1,1034.1,0,838.4,0
3157,157.8500,1,hybrid:ecc,0.8880,0.192,372.4,2586.5,-90.431,1171.0,93.4,-559.0,106.5,-524.1,4736.3,1205.8,4723.3,1450.0,,,planar,-28.0,2088.1,771.9,2087.5,772.7,3084.9,-27.2,3085.6,1177.8,993.4,-552.2,1006.4,1199.4,3873.3,-530.5,3886.4,972.5,0,-404.7,1,1035.6,0,838.4,0
3158,157.9000,1,hybrid:ecc,0.8850,0.193,371.7,2586.6,-90.567,1164.4,91.7,-565.6,108.8,-519.7,4738.6,1210.2,4721.4,1450.0,,,planar,-29.8,2089.1,770.0,2086.6,773.2,3084.0,-26.6,3086.6,1173.3,991.6,-556.6,1008.7,1201.8,3871.5,-528.1,3888.6,972.0,0,-404.7,1,1034.1,0,838.5,0
3159,157.9500,1,hybrid:ecc,0.8880,0.192,372.3,2586.5,-90.424,1171.2,93.5,-558.8,106.3,-524.5,4736.2,1205.5,4723.4,1450.0,,,planar,-27.9,2088.0,771.9,2087.5,772.5,3085.0,-27.3,3085.5,1177.9,993.5,-552.1,1006.3,1199.2,3873.4,-530.8,3886.2,972.6,0,-404.9,1,1035.7,0,838.5,0
3160,158.0000,1,hybrid:ecc,0.8850,0.193,371.8,2586.6,-90.560,1164.8,91.8,-565.1,108.7,-519.9,4738.4,1210.0,4721.5,1450.0,,,planar,-29.6,2089.0,770.2,2086.6,773.2,3084.1,-26.6,3086.5,1173.6,991.7,-556.4,1008.6,1201.7,3871.6,-528.2,3888.5,972.0,0,-404.6,1,1034.2,0,838.5,0
3161,158.0500,1,hybrid:ecc,0.8878,0.193,372.3,2586.5,-90.431,1170.9,93.4,-559.1,106.5,-524.2,4736.3,1205.7,4723.3,1450.0,,,planar,-28.0,2088.1,771.9,2087.5,772.5,3085.0,-27.3,3085.5,1177.7,993.4,-552.3,1006.4,1199.3,3873.3,-530.6,3886.4,972.5,0,-404.8,1,1035.6,0,838.5,0
3162,158.1000,1,hybrid:ecc,0.8853,0.191,371.8,2586.6,-90.567,1164.5,91.7,-565.5,108.8,-519.6,4738.6,1210.3,4721.4,1450.0,,,planar,-29.7,2089.1,770.2,2086.6,773.2,3084.1,-26.6,3086.5,1173.4,991.6,-556.5,1008.7,1201.9,3871.5,-528.0,3888.6,972.0,0,-404.6,1,1034.1,0,838.4,0
3163,158.1500,1,hybrid:ecc,0.8881,0.191,372.3,2586.5,-90.431,1170.9,93.4,-559.1,106.5,-524.2,4736.3,1205.7,4723.3,1450.0,,,planar,-28.0,2088.1,771.9,2087.5,772.6,3085.0,-27.3,3085.5,1177.7,993.4,-552.3,1006.4,1199.3,3873.3,-530.6,3886.4,972.5,0,-404.8,1,1035.6,0,838.5,0
3164,158.2000,1,hybrid:ecc,0.8853,0.192,371.8,2586.6,-90.567,1164.5,91.7,-565.5,108.8,-519.6,4738.6,1210.3,4721.4,1450.0,,,planar,-29.7,2089.1,770.1,2086.6,773.3,3084.0,-26.6,3086.6,1173.4,991.6,-556.5,1008.7,1201.9,3871.5,-528.0,3888.6,972.0,0,-404.6,1,1034.1,0,838.4,0
3165,158.2500,1,hybrid:ecc,0.8881,0.191,372.3,2586.5,-90.431,1170.9,93.4,-559.1,106.5,-524.2,4736.3,1205.7,4723.3,1450.0,,,planar,-28.0,2088.1,771.9,2087.5,772.6,3085.0,-27.3,3085.5,1177.7,993.4,-552.3,1006.4,1199.3,3873.3,-530.6,3886.4,972.5,0,-404.8,1,1035.6,0,838.5,0
3166,158.3000,1,hybrid:ecc,0.8855,0.191,371.8,2586.6,-90.567,1164.5,91.7,-565.5,108.8,-519.6,4738.6,1210.3,4721.4,1450.0,,,planar,-29.7,2089.1,770.1,2086.6,773.2,3084.1,-26.6,3086.6,1173.4,991.6,-556.5,1008.7,1201.9,3871.5,-528.0,3888.6,972.0,0,-404.6,1,1034.1,0,838.4,0
3167,158.3500,1,hybrid:ecc,0.8879,0.191,372.3,2586.5,-90.431,1170.9,93.4,-559.1,106.5,-524.2,4736.3,1205.7,4723.3,1450.0,,,planar,-28.0,2088.1,771.9,2087.5,772.6,3085.0,-27.3,3085.5,1177.7,993.4,-552.3,1006.4,1199.3,3873.3,-530.6,3886.4,972.5,0,-404.8,1,1035.6,0,838.5,0
3168,158.4000,1,hybrid:ecc,0.8845,0.192,371.7,2586.6,-90.575,1164.0,91.6,-565.9,108.9,-519.4,4738.7,1210.5,4721.3,1450.0,,,planar,-29.8,2089.2,770.0,2086.6,773.3,3084.0,-26.6,3086.6,1173.1,991.5,-556.8,1008.9,1201.9,3871.4,-528.0,3888.7,972.0,0,-404.6,1,1034.1,0,838.5,0
3169,158.4500,1,hybrid:ecc,0.8871,0.191,372.3,2586.5,-90.431,1170.9,93.4,-559.1,106.5,-524.2,4736.3,1205.7,4723.3,1450.0,,,planar,-28.0,2088.1,771.9,2087.5,772.5,3085.0,-27.3,3085.5,1177.7,993.4,-552.3,1006.4,1199.3,3873.3,-530.6,3886.4,972.5,0,-404.8,1,1035.6,0,838.5,0
3170,158.5000,1,hybrid:ecc,0.8842,0.192,371.7,2586.6,-90.575,1164.0,91.6,-565.9,108.9,-519.4,4738.7,1210.5,4721.3,1450.0,,,planar,-29.8,2089.2,770.0,2086.6,773.3,3084.0,-26.6,3086.6,1173.1,991.5,-556.8,1008.9,1201.9,3871.4,-528.0,3888.7,972.0,0,-404.6,1,1034.1,0,838.5,0
3171,158.5500,1,hybrid:ecc,0.8872,0.191,372.3,2586.5,-90.431,1170.9,93.4,-559.1,106.5,-524.2,4736.3,1205.7,4723.3,1450.0,,,planar,-28.0,2088.1,771.9,2087.5,772.5,3085.0,-27.3,3085.5,1177.7,993.4,-552.3,1006.4,1199.3,3873.3,-530.6,3886.4,972.5,0,-404.8,1,1035.6,0,838.5,0
3172,158.6000,1,hybrid:ecc,0.8843,0.192,371.7,2586.6,-90.582,1163.7,91.5,-566.2,109.0,-519.2,4738.8,1210.7,4721.2,1450.0,,,planar,-29.9,2089.2,770.0,2086.5,773.3,3084.0,-26.6,3086.6,1172.9,991.4,-557.0,1009.0,1202.1,3871.3,-527.8,3888.8,971.9,0,-404.6,1,1034.0,0,838.5,0
3173,158.6500,1,hybrid:ecc,0.8873,0.191,372.3,2586.5,-90.431,1170.9,93.4,-559.1,106.5,-524.2,4736.3,1205.7,4723.3,1450.0,,,planar,-28.0,2088.1,771.9,2087.5,772.5,3085.0,-27.3,3085.5,1177.7,993.4,-552.3,1006.4,1199.3,3873.3,-530.6,3886.4,972.5,0,-404.8,1,1035.6,0,838.5,0
3174,158.7000,1,hybrid:ecc,0.8844,0.191,371.7,2586.6,-90.582,1163.7,91.5,-566.2,109.0,-519.2,4738.8,1210.7,4721.2,1450.0,,,planar,-29.9,2089.2,770.0,2086.5,773.3,3084.0,-26.6,3086.6,1172.9,991.4,-557.0,1009.0,1202.1,3871.3,-527.8,3888.8,971.9,0,-404.6,1,1034.0,0,838.5,0
3175,158.7500,1,hybrid:ecc,0.8874,0.191,372.3,2586.5,-90.431,1170.9,93.4,-559.1,106.5,-524.2,4736.3,1205.7,4723.3,1450.0,,,planar,-28.0,2088.1,771.9,2087.5,772.5,3085.0,-27.3,3085.5,1177.7,993.4,-552.3,1006.4,1199.3,3873.3,-530.6,3886.4,972.5,0,-404.8,1,1035.6,0,838.5,0
3176,158.8000,1,hybrid:ecc,0.8845,0.191,371.7,2586.6,-90.582,1163.7,91.5,-566.2,109.0,-519.2,4738.8,1210.7,4721.2,1450.0,,,planar,-29.9,2089.2,770.0,2086.5,773.3,3084.0,-26.6,3086.6,1172.9,991.4,-557.0,1009.0,1202.1,3871.3,-527.8,3888.8,971.9,0,-404.6,1,1034.0,0,838.5,0
3177,158.8500,1,hybrid:ecc,0.8875,0.190,372.3,2586.5,-90.431,1170.9,93.4,-559.1,106.5,-524.2,4736.3,1205.7,4723.3,1450.0,,,planar,-28.0,2088.1,771.9,2087.5,772.5,3085.0,-27.3,3085.5,1177.7,993.4,-552.3,1006.4,1199.3,3873.3,-530.6,3886.4,972.5,0,-404.8,1,1035.6,0,838.5,0
3178,158.9000,1,hybrid:ecc,0.8843,0.191,371.7,2586.6,-90.582,1163.7,91.5,-566.2,109.0,-519.2,4738.8,1210.7,4721.2,1450.0,,,planar,-29.9,2089.2,769.9,2086.5,773.3,3084.0,-26.6,3086.7,1172.9,991.4,-557.0,1009.0,1202.1,3871.3,-527.8,3888.8,971.9,0,-404.6,1,1034.0,0,838.5,0
3179,158.9500,1,hybrid:ecc,0.8875,0.190,372.3,2586.5,-90.431,1170.9,93.4,-559.1,106.5,-524.2,4736.3,1205.7,4723.3,1450.0,,,planar,-28.0,2088.1,771.8,2087.5,772.5,3085.0,-27.3,3085.6,1177.7,993.4,-552.3,1006.4,1199.3,3873.3,-530.6,3886.4,972.5,0,-404.8,1,1035.6,0,838.5,0
3180,159.0000,1,hybrid:ecc,0.8849,0.190,371.6,2586.6,-90.589,1163.3,91.4,-566.6,109.1,-519.0,4738.9,1210.9,4721.1,1450.0,,,planar,-30.0,2089.3,769.9,2086.5,773.3,3084.0,-26.6,3086.7,1172.6,991.3,-557.3,1009.1,1202.2,3871.2,-527.7,3888.9,971.9,0,-404.7,1,1033.9,0,838.6,0
3181,159.0500,1,hybrid:ecc,0.8878,0.190,372.2,2586.6,-90.424,1171.1,93.6,-558.9,106.4,-524.6,4736.3,1205.4,4723.5,1450.0,,,planar,-28.0,2088.1,771.8,2087.6,772.5,3085.0,-27.3,3085.6,1177.8,993.6,-552.2,1006.4,1199.1,3873.5,-530.9,3886.3,972.7,0,-405.0,1,1035.6,0,838.6,0
3182,159.1000,1,hybrid:ecc,0.8836,0.194,371.5,2586.7,-90.575,1163.8,91.7,-566.1,109.0,-519.6,4738.8,1210.3,4721.4,1450.0,,,planar,-30.0,2089.3,769.8,2086.7,773.0,3084.1,-26.8,3086.7,1172.9,991.6,-557.0,1009.0,1201.7,3871.5,-528.2,3888.8,972.1,0,-404.8,1,1034.0,0,838.7,0
3183,159.1500,1,hybrid:ecc,0.8864,0.194,372.2,2586.7,-90.417,1171.4,93.8,-558.6,106.4,-524.9,4736.3,1205.1,4723.7,1450.0,,,planar,-28.0,2088.1,771.9,2087.7,772.3,3085.2,-27.5,3085.6,1178.0,993.8,-552.0,1006.4,1198.9,3873.7,-531.0,3886.3,972.8,0,-405.0,1,1035.5,0,838.6,0
3184,159.2000,1,hybrid:ecc,0.8831,0.195,371.6,2586.7,-90.567,1164.3,91.8,-565.7,108.9,-519.8,4738.7,1210.1,4721.5,1450.0,,,planar,-29.9,2089.2,770.0,2086.7,773.1,3084.2,-26.8,3086.7,1173.2,991.7,-556.7,1008.8,1201.7,3871.6,-528.2,3888.7,972.1,0,-404.8,1,1034.0,0,838.6,0
3185,159.2500,1,hybrid:ecc,0.8863,0.194,372.2,2586.7,-90.417,1171.4,93.8,-558.6,106.4,-524.9,4736.3,1205.1,4723.7,1450.0,,,planar,-28.0,2088.1,771.9,2087.7,772.4,3085.2,-27.5,3085.6,1178.0,993.8,-552.0,1006.4,1198.9,3873.7,-531.0,3886.3,972.8,0,-405.0,1,1035.5,0,838.6,0
3186,159.3000,1,hybrid:ecc,0.8831,0.195,371.6,2586.7,-90.567,1164.3,91.8,-565.7,108.9,-519.8,4738.7,1210.1,4721.5,1450.0,,,planar,-29.9,2089.2,770.0,2086.7,773.0,3084.2,-26.8,3086.7,1173.2,991.7,-556.7,1008.8,1201.7,3871.6,-528.2,3888.7,972.1,0,-404.8,1,1034.0,0,838.6,0
3187,159.3500,1,hybrid:ecc,0.8862,0.194,372.2,2586.7,-90.417,1171.4,93.8,-558.6,106.4,-524.9,4736.3,1205.1,4723.7,1450.0,,,planar,-28.0,2088.1,771.9,2087.7,772.4,3085.2,-27.5,3085.6,1178.0,993.8,-552.0,1006.4,1198.9,3873.7,-531.0,3886.3,972.8,0,-405.0,1,1035.5,0,838.6,0
3188,159.4000,1,hybrid:ecc,0.8831,0.194,371.6,2586.7,-90.560,1164.6,91.9,-565.3,108.8,-520.1,4738.5,1209.8,4721.6,1450.0,,,planar,-29.9,2089.2,770.0,2086.8,773.0,3084.2,-26.8,3086.7,1173.4,991.8,-556.5,1008.7,1201.5,3871.7,-528.4,3888.6,972.1,0,-404.8,1,1034.1,0,838.7,0
3189,159.4500,1,hybrid:ecc,0.8863,0.194,372.2,2586.7,-90.417,1171.4,93.8,-558.6,106.4,-524.9,4736.3,1205.1,4723.7,1450.0,,,planar,-28.0,2088.1,771.9,2087.7,772.4,3085.2,-27.5,3085.6,1178.0,993.8,-552.0,1006.4,1198.9,3873.7,-531.0,3886.3,972.8,0,-405.0,1,1035.5,0,838.6,0
3190,159.5000,1,hybrid:ecc,0.8832,0.194,371.6,2586.7,-90.560,1164.6,91.9,-565.3,108.8,-520.1,4738.5,1209.8,4721.6,1450.0,,,planar,-29.9,2089.2,770.0,2086.8,773.0,3084.2,-26.8,3086.7,1173.4,991.8,-556.5,1008.7,1201.5,3871.7,-528.4,3888.6,972.1,0,-404.8,1,1034.1,0,838.7,0
3191,159.5500,1,hybrid:ecc,0.8863,0.194,372.2,2586.7,-90.417,1171.4,93.8,-558.6,106.4,-524.9,4736.3,1205.1,4723.7,1450.0,,,planar,-28.0,2088.1,771.9,2087.7,772.4,3085.2,-27.5,3085.6,1178.0,993.8,-552.0,1006.4,1198.9,3873.7,-531.0,3886.3,972.8,0,-405.0,1,1035.5,0,838.6,0
3192,159.6000,1,hybrid:ecc,0.8829,0.194,371.6,2586.7,-90.560,1164.6,91.9,-565.3,108.8,-520.1,4738.5,1209.8,4721.6,1450.0,,,planar,-29.9,2089.2,770.0,2086.8,773.0,3084.2,-26.8,3086.7,1173.4,991.8,-556.5,1008.7,1201.5,3871.7,-528.4,3888.6,972.1,0,-404.8,1,1034.1,0,838.7,0
3193,159.6500,1,hybrid:ecc,0.8860,0.193,372.2,2586.7,-90.410,1171.7,93.9,-558.2,106.3,-525.1,4736.2,1204.8,4723.8,1450.0,,,planar,-28.0,2088.1,771.9,2087.8,772.3,3085.2,-27.5,3085.6,1178.2,993.9,-551.8,1006.3,1198.7,3873.8,-531.2,3886.2,972.8,0,-405.1,1,1035.6,0,838.6,0
3194,159.7000,1,hybrid:ecc,0.8829,0.194,371.6,2586.7,-90.560,1164.6,91.9,-565.3,108.8,-520.1,4738.5,1209.8,4721.6,1450.0,,,planar,-29.9,2089.2,770.0,2086.8,773.0,3084.2,-26.8,3086.7,1173.4,991.8,-556.5,1008.7,1201.5,3871.7,-528.4,3888.6,972.1,0,-404.8,1,1034.1,0,838.7,0
3195,159.7500,1,hybrid:ecc,0.8861,0.193,372.2,2586.7,-90.410,1171.7,93.9,-558.2,106.3,-525.1,4736.2,1204.8,4723.8,1450.0,,,planar,-28.0,2088.1,771.9,2087.8,772.3,3085.2,-27.5,3085.6,1178.2,993.9,-551.8,1006.3,1198.7,3873.8,-531.2,3886.2,972.8,0,-405.1,1,1035.6,0,838.6,0
3196,159.8000,1,hybrid:ecc,0.8829,0.194,371.6,2586.7,-90.560,1164.6,91.9,-565.3,108.8,-520.1,4738.5,1209.8,4721.6,1450.0,,,planar,-29.9,2089.2,770.0,2086.8,773.0,3084.2,-26.8,3086.7,1173.4,991.8,-556.5,1008.7,1201.5,3871.7,-528.4,3888.6,972.1,0,-404.8,1,1034.1,0,838.7,0
3197,159.8500,1,hybrid:ecc,0.8865,0.193,372.2,2586.7,-90.410,1171.7,93.9,-558.2,106.3,-525.1,4736.2,1204.8,4723.8,1450.0,,,planar,-27.9,2088.1,771.9,2087.8,772.3,3085.2,-27.5,3085.6,1178.2,993.9,-551.8,1006.3,1198.7,3873.8,-531.2,3886.2,972.8,0,-405.1,1,1035.6,0,838.6,0
3198,159.9000,1,hybrid:ecc,0.8834,0.194,371.6,2586.7,-90.560,1164.6,91.9,-565.3,108.8,-520.1,4738.5,1209.8,4721.6,1450.0,,,planar,-29.8,2089.2,770.1,2086.8,773.0,3084.3,-26.8,3086.7,1173.4,991.8,-556.5,1008.7,1201.5,3871.7,-528.4,3888.6,972.1,0,-404.8,1,1034.1,0,838.7,0
3199,159.9500,1,hybrid:ecc,0.8864,0.193,372.2,2586.7,-90.410,1171.7,93.9,-558.2,106.3,-525.1,4736.2,1204.8,4723.8,1450.0,,,planar,-27.9,2088.1,771.9,2087.8,772.3,3085.2,-27.5,3085.6,1178.2,993.9,-551.8,1006.3,1198.7,3873.8,-531.2,3886.2,972.8,0,-405.1,1,1035.6,0,838.6,0
3200,160.0000,1,hybrid:ecc,0.8837,0.195,371.7,2586.7,-90.560,1164.7,91.9,-565.2,108.8,-520.0,4738.5,1209.9,4721.6,1450.0,,,planar,-29.7,2089.2,770.1,2086.8,773.0,3084.3,-26.8,3086.6,1173.5,991.8,-556.5,1008.7,1201.6,3871.7,-528.3,3888.6,972.1,0,-404.7,1,1034.1,0,838.6,0
3201,160.0500,1,hybrid:ecc,0.8867,0.194,372.2,2586.7,-90.410,1171.7,93.9,-558.2,106.3,-525.1,4736.2,1204.8,4723.8,1450.0,,,planar,-27.9,2088.1,771.9,2087.8,772.4,3085.2,-27.5,3085.6,1178.2,993.9,-551.8,1006.3,1198.7,3873.8,-531.2,3886.2,972.8,0,-405.1,1,1035.6,0,838.6,0
3202,160.1000,1,hybrid:ecc,0.8837,0.195,371.7,2586.7,-90.560,1164.7,91.9,-565.2,108.8,-520.0,4738.5,1209.9,4721.6,1450.0,,,planar,-29.7,2089.2,770.1,2086.8,773.0,3084.3,-26.8,3086.6,1173.5,991.8,-556.5,1008.7,1201.6,3871.7,-528.3,3888.6,972.1,0,-404.7,1,1034.1,0,838.6,0
3203,160.1500,1,hybrid:ecc,0.8867,0.194,372.2,2586.7,-90.410,1171.7,93.9,-558.2,106.3,-525.1,4736.2,1204.8,4723.8,1450.0,,,planar,-27.9,2088.1,771.9,2087.8,772.4,3085.2,-27.5,3085.6,1178.2,993.9,-551.8,1006.3,1198.7,3873.8,-531.2,3886.2,972.8,0,-405.1,1,1035.6,0,838.6,0
3204,160.2000,1,hybrid:ecc,0.8855,0.192,371.7,2586.7,-90.560,1164.7,91.9,-565.2,108.8,-520.0,4738.5,1209.9,4721.6,1450.0,,,planar,-29.7,2089.2,770.2,2086.8,773.2,3084.3,-26.7,3086.6,1173.5,991.8,-556.4,1008.7,1201.6,3871.7,-528.3,3888.6,972.1,0,-404.7,1,1034.1,0,838.6,0
3205,160.2500,1,hybrid:ecc,0.8887,0.192,372.4,2586.7,-90.410,1171.9,93.9,-558.0,106.3,-524.9,4736.2,1205.0,4723.8,1450.0,,,planar,-27.8,2088.1,772.1,2087.8,772.5,3085.2,-27.3,3085.6,1178.4,993.9,-551.6,1006.3,1198.9,3873.8,-531.0,3886.2,972.8,0,-404.9,1,1035.6,0,838.4,0
3206,160.3000,1,hybrid:ecc,0.8857,0.192,371.8,2586.7,-90.560,1164.8,91.9,-565.1,108.8,-519.9,4738.5,1210.0,4721.6,1450.0,,,planar,-29.7,2089.2,770.2,2086.8,773.2,3084.2,-26.7,3086.7,1173.6,991.8,-556.3,1008.7,1201.7,3871.7,-528.2,3888.6,972.1,0,-404.6,1,1034.1,0,838.5,0
3207,160.3500,1,hybrid:ecc,0.8888,0.192,372.4,2586.7,-90.410,1171.9,93.9,-558.0,106.3,-524.9,4736.2,1205.0,4723.8,1450.0,,,planar,-27.8,2088.1,772.1,2087.8,772.5,3085.2,-27.4,3085.6,1178.4,993.9,-551.6,1006.3,1198.9,3873.8,-531.0,3886.2,972.8,0,-404.9,1,1035.6,0,838.4,0
3208,160.4000,1,hybrid:ecc,0.8857,0.192,371.8,2586.7,-90.560,1164.8,91.9,-565.1,108.8,-519.9,4738.5,1210.0,4721.6,1450.0,,,planar,-29.6,2089.2,770.2,2086.8,773.1,3084.3,-26.7,3086.6,1173.6,991.8,-556.4,1008.7,1201.7,3871.7,-528.2,3888.6,972.1,0,-404.6,1,1034.1,0,838.5,0
3209,160.4500,1,hybrid:ecc,0.8887,0.192,372.4,2586.7,-90.410,1171.9,93.9,-558.0,106.3,-524.9,4736.2,1205.0,4723.8,1450.0,,,planar,-27.8,2088.1,772.1,2087.8,772.5,3085.2,-27.3,3085.6,1178.4,993.9,-551.6,1006.3,1198.9,3873.8,-531.0,3886.2,972.8,0,-404.9,1,1035.6,0,838.4,0
3210,160.5000,1,hybrid:ecc,0.8857,0.192,371.7,2586.7,-90.560,1164.7,91.9,-565.2,108.8,-520.0,4738.5,1209.9,4721.6,1450.0,,,planar,-29.7,2089.2,770.2,2086.8,773.1,3084.3,-26.7,3086.6,1173.5,991.8,-556.4,1008.7,1201.6,3871.7,-528.3,3888.6,972.1,0,-404.7,1,1034.1,0,838.6,0
3211,160.5500,1,hybrid:ecc,0.8887,0.192,372.4,2586.7,-90.410,1171.9,93.9,-558.0,106.3,-524.9,4736.2,1205.0,4723.8,1450.0,,,planar,-27.8,2088.1,772.1,2087.8,772.5,3085.2,-27.4,3085.6,1178.4,993.9,-551.6,1006.3,1198.9,3873.8,-531.0,3886.2,972.8,0,-404.9,1,1035.6,0,838.4,0
3212,160.6000,1,hybrid:ecc,0.8857,0.192,371.7,2586.7,-90.560,1164.7,91.9,-565.2,108.8,-520.0,4738.5,1209.9,4721.6,1450.0,,,planar,-29.7,2089.2,770.2,2086.8,773.1,3084.3,-26.7,3086.6,1173.5,991.8,-556.4,1008.7,1201.6,3871.7,-528.3,3888.6,972.1,0,-404.7,1,1034.1,0,838.6,0
3213,160.6500,1,hybrid:ecc,0.8887,0.192,372.4,2586.7,-90.410,1171.9,93.9,-558.0,106.3,-524.9,4736.2,1205.0,4723.8,1450.0,,,planar,-27.8,2088.1,772.1,2087.8,772.5,3085.2,-27.4,3085.6,1178.4,993.9,-551.6,1006.3,1198.9,3873.8,-531.0,3886.2,972.8,0,-404.9,1,1035.6,0,838.4,0
3214,160.7000,1,hybrid:ecc,0.8857,0.192,371.7,2586.7,-90.560,1164.7,91.9,-565.2,108.8,-520.0,4738.5,1209.9,4721.6,1450.0,,,planar,-29.7,2089.2,770.1,2086.8,773.2,3084.2,-26.6,3086.7,1173.5,991.8,-556.5,1008.7,1201.6,3871.7,-528.3,3888.6,972.1,0,-404.7,1,1034.1,0,838.6,0
3215,160.7500,1,hybrid:ecc,0.8862,0.197,372.4,2586.7,-90.410,1171.9,93.9,-558.0,106.3,-524.9,4736.2,1205.0,4723.8,1450.0,,,planar,-27.7,2088.1,772.1,2087.8,772.6,3085.2,-27.3,3085.6,1178.4,993.9,-551.6,1006.3,1198.9,3873.8,-531.0,3886.2,972.8,0,-404.9,1,1035.6,0,838.4,0
3216,160.8000,1,hybrid:ecc,0.8839,0.197,372.5,2586.7,-90.431,1171.1,93.6,-558.9,106.7,-524.0,4736.5,1205.9,4723.5,1450.0,,,planar,-27.9,2088.3,772.0,2087.7,772.8,3085.1,-27.1,3085.8,1177.9,993.6,-552.1,1006.6,1199.5,3873.5,-530.4,3886.6,972.7,0,-404.6,1,1035.4,0,838.3,0
3217,160.8500,1,hybrid:ecc,0.8845,0.197,372.4,2586.7,-90.431,1171.0,93.6,-559.0,106.7,-524.1,4736.5,1205.8,4723.5,1450.0,,,planar,-27.9,2088.3,772.0,2087.7,772.8,3085.1,-27.1,3085.7,1177.8,993.6,-552.2,1006.6,1199.4,3873.5,-530.5,3886.6,972.7,0,-404.7,1,1035.4,0,838.4,0
3218,160.9000,1,hybrid:ecc,0.8844,0.198,372.4,2586.7,-90.438,1170.7,93.5,-559.3,106.8,-523.9,4736.6,1206.1,4723.4,1450.0,,,planar,-27.9,2088.3,771.9,2087.6,772.8,3085.1,-27.1,3085.8,1177.6,993.5,-552.4,1006.8,1199.6,3873.4,-530.4,3886.7,972.7,0,-404.7,1,1035.3,0,838.3,0
3219,160.9500,1,hybrid:ecc,0.8846,0.198,372.4,2586.7,-90.438,1170.7,93.5,-559.3,106.8,-523.9,4736.6,1206.1,4723.4,1450.0,,,planar,-27.9,2088.3,771.9,2087.6,772.8,3085.1,-27.1,3085.8,1177.6,993.5,-552.4,1006.8,1199.6,3873.4,-530.4,3886.7,972.7,0,-404.7,1,1035.3,0,838.3,0
3220,161.0000,1,hybrid:ecc,0.8846,0.199,372.4,2586.7,-90.438,1170.7,93.5,-559.3,106.8,-523.9,4736.6,1206.1,4723.4,1450.0,,,planar,-27.9,2088.3,771.9,2087.6,772.8,3085.1,-27.1,3085.8,1177.6,993.5,-552.4,1006.8,1199.6,3873.4,-530.4,3886.7,972.7,0,-404.7,1,1035.3,0,838.3,0
3221,161.0500,1,hybrid:ecc,0.8846,0.197,372.4,2586.7,-90.438,1170.7,93.5,-559.3,106.8,-523.9,4736.6,1206.1,4723.4,1450.0,,,planar,-27.9,2088.3,771.9,2087.6,772.8,3085.1,-27.1,3085.8,1177.6,993.5,-552.4,1006.8,1199.6,3873.4,-530.4,3886.7,972.7,0,-404.7,1,1035.3,0,838.3,0
3222,161.1000,1,hybrid:ecc,0.8827,0.196,371.6,2586.7,-90.596,1163.0,91.4,-566.9,109.4,-518.7,4739.1,1211.2,4721.1,1450.0,,,planar,-30.1,2089.4,769.8,2086.5,773.3,3084.0,-26.5,3086.8,1172.4,991.3,-557.5,1009.3,1202.3,3871.2,-527.6,3889.1,972.0,0,-404.6,1,1033.7,0,838.5,0
3223,161.1500,1,hybrid:ecc,0.8859,0.195,372.3,2586.6,-90.431,1170.9,93.5,-559.1,106.6,-524.2,4736.4,1205.7,4723.4,1450.0,,,planar,-28.0,2088.2,771.8,2087.6,772.6,3085.0,-27.2,3085.7,1177.7,993.5,-552.3,1006.5,1199.3,3873.4,-530.6,3886.5,972.6,0,-404.8,1,1035.5,0,838.5,0
3224,161.2000,1,hybrid:ecc,0.8830,0.196,371.7,2586.7,-90.589,1163.4,91.5,-566.5,109.2,-518.9,4739.0,1211.0,4721.2,1450.0,,,planar,-30.0,2089.4,769.8,2086.6,773.3,3084.0,-26.5,3086.8,1172.7,991.4,-557.2,1009.2,1202.3,3871.3,-527.6,3889.0,972.0,0,-404.6,1,1033.8,0,838.5,0
3225,161.2500,1,hybrid:ecc,0.8860,0.196,372.3,2586.6,-90.431,1170.9,93.5,-559.1,106.6,-524.2,4736.4,1205.7,4723.4,1450.0,,,planar,-28.0,2088.2,771.8,2087.6,772.6,3085.0,-27.2,3085.7,1177.7,993.5,-552.3,1006.5,1199.3,3873.4,-530.6,3886.5,972.6,0,-404.8,1,1035.5,0,838.5,0
3226,161.3000,1,hybrid:ecc,0.8829,0.197,371.7,2586.7,-90.589,1163.4,91.5,-566.5,109.2,-518.9,4739.0,1211.0,4721.2,1450.0,,,planar,-30.0,2089.3,769.8,2086.5,773.3,3084.0,-26.5,3086.8,1172.7,991.4,-557.2,1009.2,1202.3,3871.3,-527.6,3889.0,972.0,0,-404.6,1,1033.8,0,838.5,0
3227,161.3500,1,hybrid:ecc,0.8857,0.195,372.3,2586.6,-90.438,1170.6,93.4,-559.4,106.7,-524.0,4736.5,1206.0,4723.3,1450.0,,,planar,-28.1,2088.2,771.8,2087.5,772.6,3085.0,-27.2,3085.7,1177.5,993.4,-552.5,1006.7,1199.5,3873.3,-530.5,3886.6,972.6,0,-404.8,1,1035.4,0,838.4,0
3228,161.4000,1,hybrid:ecc,0.8827,0.194,371.6,2586.6,-90.596,1163.0,91.3,-566.9,109.3,-518.7,4739.0,1211.2,4721.0,1450.0,,,planar,-30.1,2089.4,769.7,2086.5,773.4,3083.9,-26.5,3086.8,1172.4,991.2,-557.5,1009.2,1202.3,3871.1,-527.6,3889.1,971.9,0,-404.6,1,1033.8,0,838.5,0
3229,161.4500,1,hybrid:ecc,0.8859,0.194,372.3,2586.6,-90.438,1170.6,93.4,-559.4,106.7,-524.0,4736.5,1206.0,4723.3,1450.0,,,planar,-28.1,2088.2,771.8,2087.5,772.7,3085.0,-27.2,3085.7,1177.5,993.4,-552.5,1006.7,1199.5,3873.3,-530.5,3886.6,972.6,0,-404.8,1,1035.4,0,838.4,0
3230,161.5000,1,hybrid:ecc,0.8829,0.194,371.6,2586.6,-90.603,1162.7,91.2,-567.2,109.4,-518.5,4739.1,1211.4,4720.9,1450.0,,,planar,-30.2,2089.4,769.7,2086.4,773.4,3083.9,-26.5,3086.8,1172.2,991.1,-557.7,1009.3,1202.5,3871.0,-527.4,3889.2,971.8,0,-404.6,1,1033.8,0,838.5,0
3231,161.5500,1,hybrid:ecc,0.8859,0.194,372.3,2586.6,-90.438,1170.6,93.4,-559.4,106.7,-524.0,4736.5,1206.0,4723.3,1450.0,,,planar,-28.1,2088.2,771.8,2087.5,772.6,3085.0,-27.2,3085.7,1177.5,993.4,-552.5,1006.7,1199.5,3873.3,-530.5,3886.6,972.6,0,-404.8,1,1035.4,0,838.4,0
3232,161.6000,1,hybrid:ecc,0.8830,0.193,371.6,2586.6,-90.603,1162.7,91.2,-567.2,109.4,-518.5,4739.1,1211.4,4720.9,1450.0,,,planar,-30.2,2089.4,769.7,2086.4,773.4,3083.9,-26.5,3086.8,1172.2,991.1,-557.7,1009.3,1202.5,3871.0,-527.4,3889.2,971.8,0,-404.6,1,1033.8,0,838.5,0
3233,161.6500,1,hybrid:ecc,0.8861,0.193,372.3,2586.6,-90.438,1170.6,93.4,-559.4,106.7,-524.0,4736.5,1206.0,4723.3,1450.0,,,planar,-28.1,2088.2,771.8,2087.5,772.6,3085.0,-27.2,3085.7,1177.5,993.4,-552.5,1006.7,1199.5,3873.3,-530.5,3886.6,972.6,0,-404.8,1,1035.4,0,838.4,0
3234,161.7000,1,hybrid:ecc,0.8835,0.193,371.7,2586.6,-90.589,1163.4,91.4,-566.5,109.1,-518.9,4738.9,1211.0,4721.1,1450.0,,,planar,-30.1,2089.3,769.8,2086.5,773.4,3083.9,-26.5,3086.8,1172.7,991.3,-557.2,1009.1,1202.3,3871.2,-527.6,3888.9,971.9,0,-404.6,1,1033.9,0,838.5,0
3235,161.7500,1,hybrid:ecc,0.8865,0.193,372.3,2586.6,-90.438,1170.6,93.4,-559.4,106.7,-524.0,4736.5,1206.0,4723.3,1450.0,,,planar,-28.1,2088.2,771.8,2087.5,772.7,3085.0,-27.2,3085.7,1177.5,993.4,-552.5,1006.7,1199.5,3873.3,-530.5,3886.6,972.6,0,-404.8,1,1035.4,0,838.4,0
3236,161.8000,1,hybrid:ecc,0.8836,0.193,371.7,2586.6,-90.596,1163.1,91.3,-566.8,109.3,-518.6,4739.0,1211.3,4721.0,1450.0,,,planar,-30.1,2089.4,769.8,2086.5,773.4,3083.9,-26.5,3086.8,1172.5,991.2,-557.4,1009.2,1202.4,3871.1,-527.5,3889.0,971.9,0,-404.5,1,1033.8,0,838.4,0
3237,161.8500,1,hybrid:ecc,0.8865,0.193,372.3,2586.6,-90.438,1170.6,93.4,-559.4,106.7,-524.0,4736.5,1206.0,4723.3,1450.0,,,planar,-28.1,2088.2,771.8,2087.5,772.7,3084.9,-27.2,3085.7,1177.5,993.4,-552.5,1006.7,1199.5,3873.3,-530.5,3886.6,972.6,0,-404.8,1,1035.4,0,838.4,0
3238,161.9000,1,hybrid:ecc,0.8836,0.193,371.7,2586.6,-90.596,1163.1,91.3,-566.8,109.3,-518.6,4739.0,1211.3,4721.0,1450.0,,,planar,-30.1,2089.4,769.8,2086.5,773.4,3083.9,-26.5,3086.8,1172.5,991.2,-557.4,1009.2,1202.4,3871.1,-527.5,3889.0,971.9,0,-404.5,1,1033.8,0,838.4,0
3239,161.9500,1,hybrid:ecc,0.8865,0.193,372.3,2586.6,-90.438,1170.6,93.4,-559.4,106.7,-524.0,4736.5,1206.0,4723.3,1450.0,,,planar,-28.1,2088.2,771.8,2087.5,772.7,3085.0,-27.2,3085.7,1177.5,993.4,-552.5,1006.7,1199.5,3873.3,-530.5,3886.6,972.6,0,-404.8,1,1035.4,0,838.4,0
3240,162.0000,1,hybrid:ecc,0.8838,0.194,371.6,2586.7,-90.596,1163.0,91.4,-566.9,109.4,-518.7,4739.1,1211.2,4721.1,1450.0,,,planar,-30.1,2089.4,769.8,2086.5,773.3,3084.0,-26.5,3086.8,1172.4,991.3,-557.5,1009.3,1202.3,3871.2,-527.6,3889.1,972.0,0,-404.6,1,1033.7,0,838.5,0
