frame,time_s,found,method,score,sigma_mm,sticker_x_mm,sticker_y_mm,heading_deg,box1_x_mm,box1_y_mm,box2_x_mm,box2_y_mm,box3_x_mm,box3_y_mm,box4_x_mm,box4_y_mm,sticker_height_mm,pitch_deg,roll_deg,plane_fit,stick1_x_mm,stick1_y_mm,stick2_x_mm,stick2_y_mm,stick3_x_mm,stick3_y_mm,stick4_x_mm,stick4_y_mm,wheel_fl_x_mm,wheel_fl_y_mm,wheel_fr_x_mm,wheel_fr_y_mm,wheel_rl_x_mm,wheel_rl_y_mm,wheel_rr_x_mm,wheel_rr_y_mm,stop_line_mm,stop_line_hit
0,0.0000,0,,,,,,,,,,,,,,,,,,,,,,,,,,,,,,,,,,,,
1,0.0500,0,,,,,,,,,,,,,,,,,,,,,,,,,,,,,,,,,,,,
2,0.1000,0,,,,,,,,,,,,,,,,,,,,,,,,,,,,,,,,,,,,
3,0.1500,0,,,,,,,,,,,,,,,,,,,,,,,,,,,,,,,,,,,,
4,0.2000,0,,,,,,,,,,,,,,,,,,,,,,,,,,,,,,,,,,,,
5,0.2500,0,,,,,,,,,,,,,,,,,,,,,,,,,,,,,,,,,,,,
6,0.3000,0,,,,,,,,,,,,,,,,,,,,,,,,,,,,,,,,,,,,
7,0.3500,0,,,,,,,,,,,,,,,,,,,,,,,,,,,,,,,,,,,,
8,0.4000,0,,,,,,,,,,,,,,,,,,,,,,,,,,,,,,,,,,,,
9,0.4500,0,,,,,,,,,,,,,,,,,,,,,,,,,,,,,,,,,,,,
10,0.5000,0,,,,,,,,,,,,,,,,,,,,,,,,,,,,,,,,,,,,
11,0.5500,0,,,,,,,,,,,,,,,,,,,,,,,,,,,,,,,,,,,,
12,0.6000,0,,,,,,,,,,,,,,,,,,,,,,,,,,,,,,,,,,,,
13,0.6500,0,,,,,,,,,,,,,,,,,,,,,,,,,,,,,,,,,,,,
14,0.7000,0,,,,,,,,,,,,,,,,,,,,,,,,,,,,,,,,,,,,
15,0.7500,0,,,,,,,,,,,,,,,,,,,,,,,,,,,,,,,,,,,,
16,0.8000,0,,,,,,,,,,,,,,,,,,,,,,,,,,,,,,,,,,,,
17,0.8500,0,,,,,,,,,,,,,,,,,,,,,,,,,,,,,,,,,,,,
18,0.9000,0,,,,,,,,,,,,,,,,,,,,,,,,,,,,,,,,,,,,
19,0.9500,0,,,,,,,,,,,,,,,,,,,,,,,,,,,,,,,,,,,,
20,1.0000,0,,,,,,,,,,,,,,,,,,,,,,,,,,,,,,,,,,,,
21,1.0500,0,,,,,,,,,,,,,,,,,,,,,,,,,,,,,,,,,,,,
22,1.1000,0,,,,,,,,,,,,,,,,,,,,,,,,,,,,,,,,,,,,
23,1.1500,0,,,,,,,,,,,,,,,,,,,,,,,,,,,,,,,,,,,,
24,1.2000,0,,,,,,,,,,,,,,,,,,,,,,,,,,,,,,,,,,,,
25,1.2500,0,,,,,,,,,,,,,,,,,,,,,,,,,,,,,,,,,,,,
26,1.3000,0,,,,,,,,,,,,,,,,,,,,,,,,,,,,,,,,,,,,
27,1.3500,0,,,,,,,,,,,,,,,,,,,,,,,,,,,,,,,,,,,,
28,1.4000,0,,,,,,,,,,,,,,,,,,,,,,,,,,,,,,,,,,,,
29,1.4500,0,,,,,,,,,,,,,,,,,,,,,,,,,,,,,,,,,,,,
30,1.5000,0,,,,,,,,,,,,,,,,,,,,,,,,,,,,,,,,,,,,
31,1.5500,0,,,,,,,,,,,,,,,,,,,,,,,,,,,,,,,,,,,,
32,1.6000,0,,,,,,,,,,,,,,,,,,,,,,,,,,,,,,,,,,,,
33,1.6500,0,,,,,,,,,,,,,,,,,,,,,,,,,,,,,,,,,,,,
34,1.7000,0,,,,,,,,,,,,,,,,,,,,,,,,,,,,,,,,,,,,
35,1.7500,0,,,,,,,,,,,,,,,,,,,,,,,,,,,,,,,,,,,,
36,1.8000,0,,,,,,,,,,,,,,,,,,,,,,,,,,,,,,,,,,,,
37,1.8500,0,,,,,,,,,,,,,,,,,,,,,,,,,,,,,,,,,,,,
38,1.9000,0,,,,,,,,,,,,,,,,,,,,,,,,,,,,,,,,,,,,
39,1.9500,0,,,,,,,,,,,,,,,,,,,,,,,,,,,,,,,,,,,,
40,2.0000,0,,,,,,,,,,,,,,,,,,,,,,,,,,,,,,,,,,,,
41,2.0500,0,,,,,,,,,,,,,,,,,,,,,,,,,,,,,,,,,,,,
42,2.1000,0,,,,,,,,,,,,,,,,,,,,,,,,,,,,,,,,,,,,
43,2.1500,0,,,,,,,,,,,,,,,,,,,,,,,,,,,,,,,,,,,,
44,2.2000,0,,,,,,,,,,,,,,,,,,,,,,,,,,,,,,,,,,,,
45,2.2500,0,,,,,,,,,,,,,,,,,,,,,,,,,,,,,,,,,,,,
46,2.3000,0,,,,,,,,,,,,,,,,,,,,,,,,,,,,,,,,,,,,
47,2.3500,0,,,,,,,,,,,,,,,,,,,,,,,,,,,,,,,,,,,,
48,2.4000,0,,,,,,,,,,,,,,,,,,,,,,,,,,,,,,,,,,,,
49,2.4500,0,,,,,,,,,,,,,,,,,,,,,,,,,,,,,,,,,,,,
50,2.5000,0,,,,,,,,,,,,,,,,,,,,,,,,,,,,,,,,,,,,
51,2.5500,0,,,,,,,,,,,,,,,,,,,,,,,,,,,,,,,,,,,,
52,2.6000,0,,,,,,,,,,,,,,,,,,,,,,,,,,,,,,,,,,,,
53,2.6500,0,,,,,,,,,,,,,,,,,,,,,,,,,,,,,,,,,,,,
54,2.7000,0,,,,,,,,,,,,,,,,,,,,,,,,,,,,,,,,,,,,
55,2.7500,0,,,,,,,,,,,,,,,,,,,,,,,,,,,,,,,,,,,,
56,2.8000,0,,,,,,,,,,,,,,,,,,,,,,,,,,,,,,,,,,,,
57,2.8500,0,,,,,,,,,,,,,,,,,,,,,,,,,,,,,,,,,,,,
58,2.9000,0,,,,,,,,,,,,,,,,,,,,,,,,,,,,,,,,,,,,
59,2.9500,0,,,,,,,,,,,,,,,,,,,,,,,,,,,,,,,,,,,,
60,3.0000,0,,,,,,,,,,,,,,,,,,,,,,,,,,,,,,,,,,,,
61,3.0500,0,,,,,,,,,,,,,,,,,,,,,,,,,,,,,,,,,,,,
62,3.1000,0,,,,,,,,,,,,,,,,,,,,,,,,,,,,,,,,,,,,
63,3.1500,0,,,,,,,,,,,,,,,,,,,,,,,,,,,,,,,,,,,,
64,3.2000,0,,,,,,,,,,,,,,,,,,,,,,,,,,,,,,,,,,,,
65,3.2500,0,,,,,,,,,,,,,,,,,,,,,,,,,,,,,,,,,,,,
66,3.3000,0,,,,,,,,,,,,,,,,,,,,,,,,,,,,,,,,,,,,
67,3.3500,0,,,,,,,,,,,,,,,,,,,,,,,,,,,,,,,,,,,,
68,3.4000,0,,,,,,,,,,,,,,,,,,,,,,,,,,,,,,,,,,,,
69,3.4500,0,,,,,,,,,,,,,,,,,,,,,,,,,,,,,,,,,,,,
70,3.5000,0,,,,,,,,,,,,,,,,,,,,,,,,,,,,,,,,,,,,
71,3.5500,0,,,,,,,,,,,,,,,,,,,,,,,,,,,,,,,,,,,,
72,3.6000,0,,,,,,,,,,,,,,,,,,,,,,,,,,,,,,,,,,,,
73,3.6500,0,,,,,,,,,,,,,,,,,,,,,,,,,,,,,,,,,,,,
74,3.7000,0,,,,,,,,,,,,,,,,,,,,,,,,,,,,,,,,,,,,
75,3.7500,0,,,,,,,,,,,,,,,,,,,,,,,,,,,,,,,,,,,,
76,3.8000,0,,,,,,,,,,,,,,,,,,,,,,,,,,,,,,,,,,,,
77,3.8500,0,,,,,,,,,,,,,,,,,,,,,,,,,,,,,,,,,,,,
78,3.9000,0,,,,,,,,,,,,,,,,,,,,,,,,,,,,,,,,,,,,
79,3.9500,0,,,,,,,,,,,,,,,,,,,,,,,,,,,,,,,,,,,,
80,4.0000,0,,,,,,,,,,,,,,,,,,,,,,,,,,,,,,,,,,,,
81,4.0500,0,,,,,,,,,,,,,,,,,,,,,,,,,,,,,,,,,,,,
82,4.1000,0,,,,,,,,,,,,,,,,,,,,,,,,,,,,,,,,,,,,
83,4.1500,0,,,,,,,,,,,,,,,,,,,,,,,,,,,,,,,,,,,,
84,4.2000,0,,,,,,,,,,,,,,,,,,,,,,,,,,,,,,,,,,,,
85,4.2500,0,,,,,,,,,,,,,,,,,,,,,,,,,,,,,,,,,,,,
86,4.3000,0,,,,,,,,,,,,,,,,,,,,,,,,,,,,,,,,,,,,
87,4.3500,0,,,,,,,,,,,,,,,,,,,,,,,,,,,,,,,,,,,,
88,4.4000,0,,,,,,,,,,,,,,,,,,,,,,,,,,,,,,,,,,,,
89,4.4500,0,,,,,,,,,,,,,,,,,,,,,,,,,,,,,,,,,,,,
90,4.5000,0,,,,,,,,,,,,,,,,,,,,,,,,,,,,,,,,,,,,
91,4.5500,0,,,,,,,,,,,,,,,,,,,,,,,,,,,,,,,,,,,,
92,4.6000,0,,,,,,,,,,,,,,,,,,,,,,,,,,,,,,,,,,,,
93,4.6500,0,,,,,,,,,,,,,,,,,,,,,,,,,,,,,,,,,,,,
94,4.7000,0,,,,,,,,,,,,,,,,,,,,,,,,,,,,,,,,,,,,
95,4.7500,0,,,,,,,,,,,,,,,,,,,,,,,,,,,,,,,,,,,,
96,4.8000,0,,,,,,,,,,,,,,,,,,,,,,,,,,,,,,,,,,,,
97,4.8500,0,,,,,,,,,,,,,,,,,,,,,,,,,,,,,,,,,,,,
98,4.9000,0,,,,,,,,,,,,,,,,,,,,,,,,,,,,,,,,,,,,
99,4.9500,0,,,,,,,,,,,,,,,,,,,,,,,,,,,,,,,,,,,,
100,5.0000,0,,,,,,,,,,,,,,,,,,,,,,,,,,,,,,,,,,,,
101,5.0500,0,,,,,,,,,,,,,,,,,,,,,,,,,,,,,,,,,,,,
102,5.1000,0,,,,,,,,,,,,,,,,,,,,,,,,,,,,,,,,,,,,
103,5.1500,0,,,,,,,,,,,,,,,,,,,,,,,,,,,,,,,,,,,,
104,5.2000,0,,,,,,,,,,,,,,,,,,,,,,,,,,,,,,,,,,,,
105,5.2500,0,,,,,,,,,,,,,,,,,,,,,,,,,,,,,,,,,,,,
106,5.3000,0,,,,,,,,,,,,,,,,,,,,,,,,,,,,,,,,,,,,
107,5.3500,0,,,,,,,,,,,,,,,,,,,,,,,,,,,,,,,,,,,,
108,5.4000,0,,,,,,,,,,,,,,,,,,,,,,,,,,,,,,,,,,,,
109,5.4500,0,,,,,,,,,,,,,,,,,,,,,,,,,,,,,,,,,,,,
110,5.5000,0,,,,,,,,,,,,,,,,,,,,,,,,,,,,,,,,,,,,
111,5.5500,0,,,,,,,,,,,,,,,,,,,,,,,,,,,,,,,,,,,,
112,5.6000,0,,,,,,,,,,,,,,,,,,,,,,,,,,,,,,,,,,,,
113,5.6500,0,,,,,,,,,,,,,,,,,,,,,,,,,,,,,,,,,,,,
114,5.7000,0,,,,,,,,,,,,,,,,,,,,,,,,,,,,,,,,,,,,
115,5.7500,0,,,,,,,,,,,,,,,,,,,,,,,,,,,,,,,,,,,,
116,5.8000,0,,,,,,,,,,,,,,,,,,,,,,,,,,,,,,,,,,,,
117,5.8500,0,,,,,,,,,,,,,,,,,,,,,,,,,,,,,,,,,,,,
118,5.9000,0,,,,,,,,,,,,,,,,,,,,,,,,,,,,,,,,,,,,
119,5.9500,0,,,,,,,,,,,,,,,,,,,,,,,,,,,,,,,,,,,,
120,6.0000,0,,,,,,,,,,,,,,,,,,,,,,,,,,,,,,,,,,,,
121,6.0500,0,,,,,,,,,,,,,,,,,,,,,,,,,,,,,,,,,,,,
122,6.1000,0,,,,,,,,,,,,,,,,,,,,,,,,,,,,,,,,,,,,
123,6.1500,0,,,,,,,,,,,,,,,,,,,,,,,,,,,,,,,,,,,,
124,6.2000,0,,,,,,,,,,,,,,,,,,,,,,,,,,,,,,,,,,,,
125,6.2500,0,,,,,,,,,,,,,,,,,,,,,,,,,,,,,,,,,,,,
126,6.3000,0,,,,,,,,,,,,,,,,,,,,,,,,,,,,,,,,,,,,
127,6.3500,0,,,,,,,,,,,,,,,,,,,,,,,,,,,,,,,,,,,,
128,6.4000,0,,,,,,,,,,,,,,,,,,,,,,,,,,,,,,,,,,,,
129,6.4500,0,,,,,,,,,,,,,,,,,,,,,,,,,,,,,,,,,,,,
130,6.5000,0,,,,,,,,,,,,,,,,,,,,,,,,,,,,,,,,,,,,
131,6.5500,0,,,,,,,,,,,,,,,,,,,,,,,,,,,,,,,,,,,,
132,6.6000,0,,,,,,,,,,,,,,,,,,,,,,,,,,,,,,,,,,,,
133,6.6500,0,,,,,,,,,,,,,,,,,,,,,,,,,,,,,,,,,,,,
134,6.7000,0,,,,,,,,,,,,,,,,,,,,,,,,,,,,,,,,,,,,
135,6.7500,0,,,,,,,,,,,,,,,,,,,,,,,,,,,,,,,,,,,,
136,6.8000,0,,,,,,,,,,,,,,,,,,,,,,,,,,,,,,,,,,,,
137,6.8500,0,,,,,,,,,,,,,,,,,,,,,,,,,,,,,,,,,,,,
138,6.9000,0,,,,,,,,,,,,,,,,,,,,,,,,,,,,,,,,,,,,
139,6.9500,0,,,,,,,,,,,,,,,,,,,,,,,,,,,,,,,,,,,,
140,7.0000,0,,,,,,,,,,,,,,,,,,,,,,,,,,,,,,,,,,,,
141,7.0500,0,,,,,,,,,,,,,,,,,,,,,,,,,,,,,,,,,,,,
142,7.1000,0,,,,,,,,,,,,,,,,,,,,,,,,,,,,,,,,,,,,
143,7.1500,0,,,,,,,,,,,,,,,,,,,,,,,,,,,,,,,,,,,,
144,7.2000,0,,,,,,,,,,,,,,,,,,,,,,,,,,,,,,,,,,,,
145,7.2500,0,,,,,,,,,,,,,,,,,,,,,,,,,,,,,,,,,,,,
146,7.3000,0,,,,,,,,,,,,,,,,,,,,,,,,,,,,,,,,,,,,
147,7.3500,0,,,,,,,,,,,,,,,,,,,,,,,,,,,,,,,,,,,,
148,7.4000,0,,,,,,,,,,,,,,,,,,,,,,,,,,,,,,,,,,,,
149,7.4500,0,,,,,,,,,,,,,,,,,,,,,,,,,,,,,,,,,,,,
150,7.5000,0,,,,,,,,,,,,,,,,,,,,,,,,,,,,,,,,,,,,
151,7.5500,0,,,,,,,,,,,,,,,,,,,,,,,,,,,,,,,,,,,,
152,7.6000,0,,,,,,,,,,,,,,,,,,,,,,,,,,,,,,,,,,,,
153,7.6500,0,,,,,,,,,,,,,,,,,,,,,,,,,,,,,,,,,,,,
154,7.7000,0,,,,,,,,,,,,,,,,,,,,,,,,,,,,,,,,,,,,
155,7.7500,0,,,,,,,,,,,,,,,,,,,,,,,,,,,,,,,,,,,,
156,7.8000,0,,,,,,,,,,,,,,,,,,,,,,,,,,,,,,,,,,,,
157,7.8500,0,,,,,,,,,,,,,,,,,,,,,,,,,,,,,,,,,,,,
158,7.9000,0,,,,,,,,,,,,,,,,,,,,,,,,,,,,,,,,,,,,
159,7.9500,0,,,,,,,,,,,,,,,,,,,,,,,,,,,,,,,,,,,,
160,8.0000,0,,,,,,,,,,,,,,,,,,,,,,,,,,,,,,,,,,,,
161,8.0500,0,,,,,,,,,,,,,,,,,,,,,,,,,,,,,,,,,,,,
162,8.1000,0,,,,,,,,,,,,,,,,,,,,,,,,,,,,,,,,,,,,
163,8.1500,0,,,,,,,,,,,,,,,,,,,,,,,,,,,,,,,,,,,,
164,8.2000,0,,,,,,,,,,,,,,,,,,,,,,,,,,,,,,,,,,,,
165,8.2500,0,,,,,,,,,,,,,,,,,,,,,,,,,,,,,,,,,,,,
166,8.3000,0,,,,,,,,,,,,,,,,,,,,,,,,,,,,,,,,,,,,
167,8.3500,0,,,,,,,,,,,,,,,,,,,,,,,,,,,,,,,,,,,,
168,8.4000,0,,,,,,,,,,,,,,,,,,,,,,,,,,,,,,,,,,,,
169,8.4500,0,,,,,,,,,,,,,,,,,,,,,,,,,,,,,,,,,,,,
170,8.5000,0,,,,,,,,,,,,,,,,,,,,,,,,,,,,,,,,,,,,
171,8.5500,0,,,,,,,,,,,,,,,,,,,,,,,,,,,,,,,,,,,,
172,8.6000,0,,,,,,,,,,,,,,,,,,,,,,,,,,,,,,,,,,,,
173,8.6500,0,,,,,,,,,,,,,,,,,,,,,,,,,,,,,,,,,,,,
174,8.7000,0,,,,,,,,,,,,,,,,,,,,,,,,,,,,,,,,,,,,
175,8.7500,0,,,,,,,,,,,,,,,,,,,,,,,,,,,,,,,,,,,,
176,8.8000,0,,,,,,,,,,,,,,,,,,,,,,,,,,,,,,,,,,,,
177,8.8500,0,,,,,,,,,,,,,,,,,,,,,,,,,,,,,,,,,,,,
178,8.9000,0,,,,,,,,,,,,,,,,,,,,,,,,,,,,,,,,,,,,
179,8.9500,0,,,,,,,,,,,,,,,,,,,,,,,,,,,,,,,,,,,,
180,9.0000,0,,,,,,,,,,,,,,,,,,,,,,,,,,,,,,,,,,,,
181,9.0500,0,,,,,,,,,,,,,,,,,,,,,,,,,,,,,,,,,,,,
182,9.1000,0,,,,,,,,,,,,,,,,,,,,,,,,,,,,,,,,,,,,
183,9.1500,0,,,,,,,,,,,,,,,,,,,,,,,,,,,,,,,,,,,,
184,9.2000,0,,,,,,,,,,,,,,,,,,,,,,,,,,,,,,,,,,,,
185,9.2500,0,,,,,,,,,,,,,,,,,,,,,,,,,,,,,,,,,,,,
186,9.3000,0,,,,,,,,,,,,,,,,,,,,,,,,,,,,,,,,,,,,
187,9.3500,0,,,,,,,,,,,,,,,,,,,,,,,,,,,,,,,,,,,,
188,9.4000,0,,,,,,,,,,,,,,,,,,,,,,,,,,,,,,,,,,,,
189,9.4500,0,,,,,,,,,,,,,,,,,,,,,,,,,,,,,,,,,,,,
190,9.5000,0,,,,,,,,,,,,,,,,,,,,,,,,,,,,,,,,,,,,
191,9.5500,0,,,,,,,,,,,,,,,,,,,,,,,,,,,,,,,,,,,,
192,9.6000,0,,,,,,,,,,,,,,,,,,,,,,,,,,,,,,,,,,,,
193,9.6500,0,,,,,,,,,,,,,,,,,,,,,,,,,,,,,,,,,,,,
194,9.7000,0,,,,,,,,,,,,,,,,,,,,,,,,,,,,,,,,,,,,
195,9.7500,0,,,,,,,,,,,,,,,,,,,,,,,,,,,,,,,,,,,,
196,9.8000,0,,,,,,,,,,,,,,,,,,,,,,,,,,,,,,,,,,,,
197,9.8500,0,,,,,,,,,,,,,,,,,,,,,,,,,,,,,,,,,,,,
198,9.9000,0,,,,,,,,,,,,,,,,,,,,,,,,,,,,,,,,,,,,
199,9.9500,0,,,,,,,,,,,,,,,,,,,,,,,,,,,,,,,,,,,,
200,10.0000,0,,,,,,,,,,,,,,,,,,,,,,,,,,,,,,,,,,,,
201,10.0500,0,,,,,,,,,,,,,,,,,,,,,,,,,,,,,,,,,,,,
202,10.1000,0,,,,,,,,,,,,,,,,,,,,,,,,,,,,,,,,,,,,
203,10.1500,0,,,,,,,,,,,,,,,,,,,,,,,,,,,,,,,,,,,,
204,10.2000,0,,,,,,,,,,,,,,,,,,,,,,,,,,,,,,,,,,,,
205,10.2500,0,,,,,,,,,,,,,,,,,,,,,,,,,,,,,,,,,,,,
206,10.3000,0,,,,,,,,,,,,,,,,,,,,,,,,,,,,,,,,,,,,
207,10.3500,0,,,,,,,,,,,,,,,,,,,,,,,,,,,,,,,,,,,,
208,10.4000,0,,,,,,,,,,,,,,,,,,,,,,,,,,,,,,,,,,,,
209,10.4500,0,,,,,,,,,,,,,,,,,,,,,,,,,,,,,,,,,,,,
210,10.5000,0,,,,,,,,,,,,,,,,,,,,,,,,,,,,,,,,,,,,
211,10.5500,0,,,,,,,,,,,,,,,,,,,,,,,,,,,,,,,,,,,,
212,10.6000,0,,,,,,,,,,,,,,,,,,,,,,,,,,,,,,,,,,,,
213,10.6500,0,,,,,,,,,,,,,,,,,,,,,,,,,,,,,,,,,,,,
214,10.7000,0,,,,,,,,,,,,,,,,,,,,,,,,,,,,,,,,,,,,
215,10.7500,0,,,,,,,,,,,,,,,,,,,,,,,,,,,,,,,,,,,,
216,10.8000,0,,,,,,,,,,,,,,,,,,,,,,,,,,,,,,,,,,,,
217,10.8500,0,,,,,,,,,,,,,,,,,,,,,,,,,,,,,,,,,,,,
218,10.9000,0,,,,,,,,,,,,,,,,,,,,,,,,,,,,,,,,,,,,
219,10.9500,0,,,,,,,,,,,,,,,,,,,,,,,,,,,,,,,,,,,,
220,11.0000,0,,,,,,,,,,,,,,,,,,,,,,,,,,,,,,,,,,,,
221,11.0500,1,hybrid:ecc,0.4986,0.416,2528.4,1005.9,-178.057,-59.5,-134.4,-118.1,1594.6,4509.2,1751.6,4567.9,22.6,1450.0,,,planar,2042.8,560.1,3000.3,545.5,3014.1,1451.7,2056.6,1466.3,840.0,-103.9,781.3,1625.1,3718.3,-6.3,3659.7,1722.7,1992.2,0
222,11.1000,1,hybrid:ecc,0.8858,0.278,2502.5,1007.2,-177.411,-72.4,-162.2,-150.5,1566.0,4474.8,1775.2,4552.9,46.9,1450.0,,,planar,2021.9,555.9,2979.5,552.1,2983.1,1458.4,2025.5,1462.2,826.7,-121.6,748.6,1606.7,3703.8,8.5,3625.6,1736.8,1977.1,0
223,11.1500,1,hybrid:ecc,0.8789,0.277,2478.2,1007.2,-177.495,-98.4,-158.5,-174.0,1569.9,4451.6,1772.3,4527.2,43.9,1450.0,,,planar,1996.9,556.7,2954.5,551.5,2959.4,1457.7,2001.9,1463.0,800.8,-119.1,725.2,1609.2,3678.0,6.8,3602.4,1735.1,1952.3,0
224,11.2000,1,hybrid:ecc,0.8750,0.264,2453.6,1007.0,-177.489,-122.8,-158.9,-198.6,1569.4,4426.9,1772.3,4502.7,43.9,1450.0,,,planar,1972.4,556.4,2930.0,551.3,2934.8,1457.6,1977.2,1462.7,776.3,-119.5,700.5,1608.8,3653.5,6.7,3577.7,1735.0,1927.8,0
225,11.2500,1,hybrid:ecc,0.8773,0.258,2429.0,1007.0,-177.459,-146.8,-160.3,-223.5,1568.0,4401.9,1773.3,4478.6,45.0,1450.0,,,planar,1948.1,556.1,2905.6,551.5,2910.0,1457.8,1952.4,1462.4,752.3,-120.4,675.6,1607.9,3629.5,7.3,3552.7,1735.6,1903.8,0
226,11.3000,1,hybrid:ecc,0.8873,0.259,2404.3,1006.3,-177.405,-170.4,-163.4,-248.8,1564.8,4376.5,1774.5,4454.8,46.2,1450.0,,,planar,1923.7,555.0,2881.3,551.3,2884.8,1457.6,1927.3,1461.3,728.6,-122.7,650.3,1605.6,3605.7,7.7,3527.4,1736.0,1878.8,0
227,11.3500,1,hybrid:ecc,0.8964,0.244,2379.6,1005.9,-177.399,-195.0,-164.1,-273.5,1564.1,4351.7,1774.3,4430.2,46.0,1450.0,,,planar,1899.1,554.5,2856.7,550.9,2860.1,1457.2,1902.5,1460.8,704.1,-123.2,625.5,1605.0,3581.1,7.5,3502.6,1735.7,1854.1,0
228,11.4000,1,hybrid:ecc,0.8988,0.254,2355.4,1005.3,-177.465,-220.6,-161.7,-297.1,1566.6,4328.4,1771.4,4404.9,43.1,1450.0,,,planar,1874.4,554.5,2832.0,549.8,2836.4,1456.1,1878.8,1460.8,678.6,-121.9,602.0,1606.4,3555.7,5.5,3479.2,1733.8,1830.1,0
229,11.4500,1,hybrid:ecc,0.8999,0.241,2331.1,1005.2,-177.327,-242.0,-168.0,-322.7,1560.1,4302.2,1776.0,4382.9,47.9,1450.0,,,planar,1851.2,553.3,2808.8,550.9,2811.1,1457.2,1853.5,1459.6,657.0,-126.0,576.3,1602.1,3533.8,8.3,3453.2,1736.4,1804.8,0
230,11.5000,1,hybrid:ecc,0.8937,0.241,2306.7,1005.1,-177.501,-270.0,-160.3,-345.4,1568.1,4280.2,1770.0,4355.6,41.6,1450.0,,,planar,1825.5,554.6,2783.0,549.3,2788.0,1455.6,1830.4,1460.8,629.2,-121.1,553.7,1607.3,3506.4,4.5,3431.0,1732.9,1780.8,0
231,11.5500,1,hybrid:ecc,0.8945,0.241,2281.3,1005.3,-177.459,-294.5,-162.0,-371.2,1566.3,4254.2,1771.6,4330.9,43.3,1450.0,,,planar,1800.3,554.4,2757.9,549.8,2762.2,1456.1,1804.7,1460.7,604.6,-122.1,527.9,1606.2,3481.8,5.6,3405.0,1733.9,1756.2,0
232,11.6000,1,hybrid:ecc,0.8983,0.233,2255.4,1004.5,-177.483,-320.9,-161.7,-396.9,1566.6,4228.6,1770.0,4304.6,41.7,1450.0,,,planar,1774.2,553.9,2731.8,548.9,2736.5,1455.1,1779.0,1460.2,578.2,-122.2,502.2,1606.1,3455.4,4.3,3379.4,1732.6,1729.8,0
233,11.6500,1,hybrid:ecc,0.8962,0.232,2229.8,1003.7,-177.441,-345.7,-164.4,-422.9,1563.9,4202.5,1770.6,4279.7,42.3,1450.0,,,planar,1749.0,552.7,2706.6,548.4,2710.7,1454.6,1753.1,1459.0,553.4,-124.2,476.2,1604.1,3430.6,4.4,3353.3,1732.7,1704.8,0
234,11.7000,1,hybrid:ecc,0.8984,0.229,2204.2,1003.0,-177.411,-370.7,-166.4,-448.8,1561.8,4176.5,1771.0,4254.6,42.7,1450.0,,,planar,1723.6,551.7,2681.2,547.9,2684.8,1454.2,1727.2,1458.0,528.4,-125.8,450.3,1602.5,3405.5,4.3,3327.3,1732.6,1678.9,0
235,11.7500,1,hybrid:ecc,0.8935,0.220,2179.0,1002.5,-177.447,-396.6,-165.3,-473.7,1563.0,4151.7,1769.2,4228.8,40.9,1450.0,,,planar,1698.1,551.6,2655.7,547.2,2659.9,1453.5,1702.3,1457.9,502.5,-125.2,425.5,1603.1,3379.7,3.1,3302.6,1731.4,1654.1,0
236,11.8000,1,hybrid:ecc,0.8871,0.209,2154.1,1002.1,-177.357,-419.7,-169.8,-499.4,1558.4,4125.6,1771.9,4205.4,43.7,1450.0,,,planar,1673.9,550.4,2631.5,547.5,2634.3,1453.8,1676.7,1456.7,479.4,-128.3,399.6,1599.9,3356.3,4.5,3276.5,1732.7,1628.1,0
237,11.8500,1,hybrid:ecc,0.8906,0.211,2129.0,1001.3,-177.345,-444.5,-171.1,-524.6,1557.0,4100.4,1771.5,4180.5,43.4,1450.0,,,planar,1648.9,549.5,2606.5,546.8,2609.0,1453.1,1651.4,1455.8,454.5,-129.4,374.4,1598.7,3331.4,4.0,3251.3,1732.1,1602.9,0
238,11.9000,1,hybrid:ecc,0.8998,0.218,2104.5,1000.3,-177.423,-470.6,-168.6,-548.4,1559.6,4076.9,1767.8,4154.7,39.6,1450.0,,,planar,1623.8,549.2,2581.4,545.2,2585.1,1451.5,1627.5,1455.5,428.5,-128.1,350.7,1600.1,3305.6,1.4,3227.8,1729.6,1579.3,0
239,11.9500,1,hybrid:ecc,0.9107,0.217,2080.1,999.5,-177.405,-494.6,-170.2,-573.0,1558.0,4052.3,1767.7,4130.6,39.4,1450.0,,,planar,1599.5,548.2,2557.1,544.5,2560.6,1450.8,1603.0,1454.5,404.4,-129.5,326.1,1598.8,3281.5,0.9,3203.2,1729.2,1554.7,0
240,12.0000,1,hybrid:ecc,0.9129,0.214,2056.3,998.5,-177.303,-516.4,-175.8,-597.8,1552.3,4027.1,1770.2,4108.5,42.1,1450.0,,,planar,1576.6,546.3,2534.2,544.3,2536.1,1450.6,1578.5,1452.6,382.7,-133.4,301.3,1594.7,3259.5,2.1,3178.1,1730.2,1529.6,0
241,12.0500,1,hybrid:ecc,0.8996,0.221,2033.0,997.6,-177.297,-539.5,-176.9,-621.1,1551.1,4003.7,1769.5,4085.3,41.4,1450.0,,,planar,1553.4,545.4,2511.0,543.5,2512.7,1449.8,1555.1,1451.7,359.5,-134.5,277.9,1593.6,3236.3,1.3,3154.7,1729.4,1506.3,0
242,12.1000,1,hybrid:ecc,0.8879,0.225,2009.6,997.0,-177.309,-563.2,-177.0,-644.4,1551.1,3980.5,1768.5,4061.7,40.4,1450.0,,,planar,1529.8,544.9,2487.4,542.8,2489.3,1449.1,1531.7,1451.2,335.8,-134.8,254.6,1593.3,3212.7,0.5,3131.4,1728.5,1483.0,0
243,12.1500,1,hybrid:ecc,0.9072,0.222,1987.3,996.5,-177.285,-585.0,-178.6,-666.9,1549.5,3957.9,1768.8,4039.8,40.7,1450.0,,,planar,1507.7,544.2,2465.3,542.5,2466.9,1448.8,1509.3,1450.5,314.0,-136.0,232.1,1592.1,3190.8,0.5,3108.8,1728.5,1460.4,0
244,12.2000,1,hybrid:ecc,0.8835,0.229,1965.9,996.0,-177.243,-605.5,-181.0,-688.7,1547.0,3935.9,1769.7,4019.1,41.7,1450.0,,,planar,1486.6,543.4,2444.2,542.4,2445.1,1448.7,1487.5,1449.7,293.4,-137.7,210.2,1590.3,3170.1,0.8,3086.9,1728.8,1438.5,0
245,12.2500,1,hybrid:ecc,0.9001,0.226,1944.5,995.3,-177.237,-626.8,-181.9,-710.2,1546.1,3914.4,1769.2,3997.8,41.2,1450.0,,,planar,1465.2,542.6,2422.8,541.7,2423.7,1448.0,1466.1,1448.9,272.2,-138.6,188.8,1589.4,3148.8,0.3,3065.4,1728.3,1417.0,0
246,12.3000,1,hybrid:ecc,0.8885,0.231,1924.7,995.0,-177.279,-647.5,-180.4,-729.6,1547.7,3895.2,1767.5,3977.3,39.4,1450.0,,,planar,1445.1,542.7,2402.7,541.1,2404.3,1447.4,1446.7,1449.0,251.5,-137.6,169.4,1590.4,3128.3,-0.9,3046.2,1727.1,1397.7,0
247,12.3500,1,hybrid:ecc,0.8779,0.227,1906.1,994.6,-177.261,-665.7,-181.6,-748.4,1546.5,3876.4,1767.7,3959.0,39.7,1450.0,,,planar,1426.7,542.1,2384.3,540.8,2385.5,1447.1,1427.9,1448.4,233.3,-138.6,150.6,1589.5,3110.0,-0.9,3027.3,1727.1,1378.9,0
248,12.4000,1,hybrid:ecc,0.8843,0.223,1888.2,994.5,-177.171,-681.7,-185.7,-767.1,1542.2,3857.2,1770.7,3942.6,42.8,1450.0,,,planar,1409.4,541.2,2367.0,541.4,2366.9,1447.7,1409.3,1447.5,217.2,-141.3,131.8,1586.6,3093.6,0.8,3008.3,1728.7,1360.0,0
249,12.4500,1,hybrid:ecc,0.8824,0.223,1871.5,994.3,-177.249,-700.0,-182.4,-783.1,1545.6,3841.6,1767.8,3924.6,39.8,1450.0,,,planar,1392.2,541.7,2349.8,540.6,2350.9,1446.9,1393.3,1448.0,198.9,-139.2,115.9,1588.8,3075.6,-1.0,2992.6,1727.0,1344.2,0
250,12.5000,1,hybrid:ecc,0.8930,0.223,1856.1,994.2,-177.225,-715.0,-183.6,-798.7,1544.4,3825.9,1768.5,3909.6,40.6,1450.0,,,planar,1376.9,541.4,2334.5,540.7,2335.2,1447.0,1377.6,1447.7,184.0,-140.0,100.2,1588.0,3060.6,-0.6,2976.9,1727.4,1328.5,0
251,12.5500,1,hybrid:ecc,0.9079,0.225,1842.1,994.0,-177.183,-728.1,-185.6,-813.1,1542.3,3811.3,1769.8,3896.3,41.9,1450.0,,,planar,1363.3,540.9,2320.9,540.9,2320.9,1447.2,1363.3,1447.2,170.8,-141.4,85.8,1586.5,3047.3,0.1,2962.3,1728.0,1314.1,0
252,12.6000,1,hybrid:ecc,0.8872,0.220,1828.9,993.6,-177.297,-743.6,-180.9,-825.2,1547.1,3799.6,1765.5,3881.2,37.4,1450.0,,,planar,1349.2,541.4,2306.8,539.5,2308.6,1445.8,1351.0,1447.7,155.4,-138.5,73.8,1589.6,3032.2,-2.7,2950.6,1725.4,1302.2,0
253,12.6500,1,hybrid:ecc,0.9119,0.213,1815.8,993.3,-177.165,-754.0,-187.2,-839.6,1540.7,3784.8,1769.7,3870.3,41.8,1450.0,,,planar,1337.2,540.0,2294.8,540.3,2294.5,1446.6,1336.9,1446.3,144.9,-142.6,59.3,1585.2,3021.4,-0.2,2935.8,1727.7,1287.6,0
254,12.7000,1,hybrid:ecc,0.8868,0.228,1803.5,992.8,-177.160,-766.2,-187.9,-851.9,1540.0,3772.4,1769.4,3858.1,41.5,1450.0,,,planar,1324.8,539.4,2282.4,539.8,2282.1,1446.1,1324.5,1445.7,132.7,-143.3,47.0,1584.6,3009.2,-0.6,2923.4,1727.3,1275.2,0
255,12.7500,1,hybrid:ecc,0.9101,0.213,1790.4,992.0,-177.142,-778.9,-189.5,-865.2,1538.3,3759.0,1769.2,3845.3,41.4,1450.0,,,planar,1312.0,538.5,2269.6,539.2,2268.9,1445.5,1311.3,1444.8,119.9,-144.6,33.7,1583.2,2996.4,-1.0,2910.1,1726.8,1261.8,0
256,12.8000,1,hybrid:ecc,0.8829,0.216,1778.1,991.7,-177.148,-791.4,-189.6,-877.4,1538.3,3746.8,1768.7,3832.9,40.9,1450.0,,,planar,1299.7,538.3,2257.3,538.9,2256.6,1445.2,1299.0,1444.6,107.5,-144.8,21.4,1583.1,2984.0,-1.4,2897.9,1726.4,1249.6,0
257,12.8500,1,hybrid:ecc,0.9108,0.209,1766.8,991.9,-177.148,-802.7,-189.4,-888.7,1538.5,3735.5,1768.9,3821.6,41.1,1450.0,,,planar,1288.2,538.5,2245.8,539.1,2245.3,1445.4,1287.7,1444.8,96.2,-144.6,10.1,1583.3,2972.7,-1.2,2886.6,1726.6,1238.3,0
258,12.9000,1,hybrid:ecc,0.9070,0.213,1754.6,991.8,-177.154,-815.0,-189.2,-900.9,1538.7,3723.4,1768.6,3809.3,40.7,1450.0,,,planar,1276.1,538.4,2233.7,538.9,2233.2,1445.2,1275.6,1444.7,83.9,-144.5,-2.0,1583.4,2960.4,-1.5,2874.4,1726.4,1226.2,0
259,12.9500,1,hybrid:ecc,0.8872,0.217,1743.1,992.0,-177.136,-826.1,-189.8,-912.6,1538.0,3711.7,1769.4,3798.1,41.6,1450.0,,,planar,1264.7,538.4,2222.3,539.2,2221.6,1445.5,1264.0,1444.7,72.8,-144.8,-13.7,1583.0,2949.2,-0.9,2862.7,1726.9,1214.5,0
260,13.0000,1,hybrid:ecc,0.9102,0.215,1731.6,992.0,-177.112,-837.1,-190.9,-924.3,1536.9,3699.8,1770.2,3787.0,42.4,1450.0,,,planar,1253.3,538.2,2210.9,539.4,2209.8,1445.7,1252.2,1444.5,61.7,-145.5,-25.4,1582.3,2938.1,-0.4,2850.9,1727.4,1202.8,0
261,13.0500,1,hybrid:ecc,0.9023,0.218,1719.6,991.5,-177.142,-849.7,-190.0,-936.0,1537.8,3688.2,1768.7,3774.5,40.9,1450.0,,,planar,1241.1,538.0,2198.7,538.7,2198.0,1445.0,1240.4,1444.3,49.1,-145.1,-37.1,1582.7,2925.6,-1.5,2839.3,1726.3,1191.1,0
262,13.1000,1,hybrid:ecc,0.8987,0.222,1708.1,991.5,-177.207,-862.6,-187.1,-946.9,1540.9,3677.6,1766.5,3761.9,38.5,1450.0,,,planar,1229.1,538.6,2186.7,538.2,2187.1,1444.5,1229.5,1444.9,36.3,-143.2,-47.9,1584.7,2912.9,-2.9,2828.6,1725.0,1180.4,0
263,13.1500,1,hybrid:ecc,0.9128,0.220,1695.4,990.7,-177.165,-874.4,-189.8,-960.0,1538.1,3664.4,1767.1,3749.9,39.2,1450.0,,,planar,1216.7,537.4,2174.3,537.7,2174.0,1444.0,1216.4,1443.7,24.5,-145.2,-61.1,1582.6,2901.0,-2.8,2815.4,1725.1,1167.2,0
264,13.2000,1,hybrid:ecc,0.9025,0.227,1682.5,989.7,-177.231,-888.7,-187.8,-972.2,1540.2,3652.4,1763.8,3735.9,35.8,1450.0,,,planar,1203.3,537.0,2160.9,536.2,2161.6,1442.5,1204.0,1443.3,10.3,-144.3,-73.3,1583.7,2886.9,-5.2,2803.3,1722.8,1155.0,0
265,13.2500,1,hybrid:ecc,0.8995,0.238,1668.2,988.9,-177.171,-901.7,-191.3,-987.1,1536.6,3637.2,1765.1,3722.6,37.2,1450.0,,,planar,1189.5,535.7,2147.1,535.9,2146.9,1442.2,1189.3,1442.0,-2.8,-146.9,-88.2,1581.0,2873.6,-4.8,2788.3,1723.1,1140.0,0
266,13.3000,1,hybrid:ecc,0.9118,0.228,1653.9,988.4,-177.148,-915.6,-192.9,-1001.6,1535.0,3622.6,1765.4,3708.7,37.6,1450.0,,,planar,1175.4,534.9,2133.0,535.5,2132.4,1441.8,1174.8,1441.2,-16.7,-148.1,-102.8,1579.8,2859.8,-4.7,2773.7,1723.1,1125.4,0
267,13.3500,1,hybrid:ecc,0.9020,0.233,1639.6,988.3,-177.142,-929.7,-193.2,-1016.0,1534.6,3608.2,1765.5,3694.5,37.7,1450.0,,,planar,1161.2,534.8,2118.8,535.5,2118.1,1441.8,1160.5,1441.1,-30.9,-148.3,-117.1,1579.5,2845.6,-4.7,2759.3,1723.1,1111.0,0
268,13.4000,1,hybrid:ecc,0.8881,0.229,1624.4,988.2,-177.118,-944.4,-194.4,-1031.4,1533.4,3592.7,1766.2,3679.7,38.4,1450.0,,,planar,1146.2,534.5,2103.8,535.6,2102.6,1441.9,1145.0,1440.8,-45.6,-149.1,-132.6,1578.7,2830.8,-4.3,2743.8,1723.5,1095.6,0
269,13.4500,1,hybrid:ecc,0.9102,0.225,1610.2,988.3,-177.088,-958.0,-195.6,-1045.9,1532.1,3578.1,1767.4,3666.0,39.6,1450.0,,,planar,1132.2,534.3,2089.8,535.9,2088.2,1442.2,1130.6,1440.6,-59.2,-149.9,-147.1,1577.9,2817.1,-3.6,2729.2,1724.2,1081.0,0
270,13.5000,1,hybrid:ecc,0.9087,0.226,1596.1,988.5,-177.183,-974.1,-191.1,-1059.1,1536.8,3565.3,1764.3,3650.3,36.4,1450.0,,,planar,1117.3,535.4,2074.9,535.4,2074.9,1441.7,1117.3,1441.7,-75.2,-146.9,-160.2,1581.0,2801.3,-5.4,2716.3,1722.5,1068.1,0
271,13.5500,1,hybrid:ecc,0.8909,0.226,1581.8,988.3,-177.154,-987.8,-192.7,-1073.7,1535.2,3550.6,1765.1,3636.5,37.2,1450.0,,,planar,1103.2,534.9,2060.8,535.4,2060.3,1441.7,1102.7,1441.2,-88.9,-148.0,-174.8,1579.9,2787.6,-5.0,2701.6,1722.9,1053.4,0
272,13.6000,1,hybrid:ecc,0.9065,0.233,1567.6,987.7,-177.064,-1000.1,-197.3,-1088.7,1530.4,3535.2,1767.6,3623.8,39.9,1450.0,,,planar,1089.8,533.6,2047.4,535.6,2045.5,1441.9,1087.9,1439.9,-101.3,-151.2,-189.9,1576.5,2774.9,-3.7,2686.3,1724.0,1038.2,0
273,13.6500,1,hybrid:ecc,0.8951,0.234,1554.5,987.0,-177.142,-1014.8,-194.5,-1101.1,1533.3,3523.1,1764.2,3609.4,36.4,1450.0,,,planar,1076.1,533.5,2033.7,534.2,2033.0,1440.5,1075.4,1439.8,-116.0,-149.6,-202.2,1578.2,2760.5,-6.0,2674.2,1721.8,1026.0,0
274,13.7000,1,hybrid:ecc,0.9031,0.229,1540.5,986.7,-177.082,-1027.6,-197.5,-1115.7,1530.2,3508.3,1766.0,3596.4,38.2,1450.0,,,planar,1062.5,532.7,2020.1,534.4,2018.5,1440.7,1060.9,1439.0,-128.8,-151.7,-216.8,1576.1,2747.5,-5.1,2659.4,1722.7,1011.3,0
275,13.7500,1,hybrid:ecc,0.9068,0.227,1527.2,986.3,-177.100,-1041.3,-197.1,-1128.8,1530.7,3495.3,1765.0,3582.8,37.2,1450.0,,,planar,1049.1,532.5,2006.7,533.9,2005.4,1440.2,1047.8,1438.8,-142.4,-151.6,-230.0,1576.2,2733.9,-5.8,2646.4,1721.9,998.2,0
276,13.8000,1,hybrid:ecc,0.9008,0.232,1514.3,986.2,-177.076,-1053.7,-198.3,-1141.9,1529.5,3482.0,1765.7,3570.3,37.9,1450.0,,,planar,1036.4,532.2,1994.0,534.0,1992.2,1440.3,1034.6,1438.5,-154.8,-152.4,-243.1,1575.4,2721.4,-5.4,2633.1,1722.3,985.0,0
277,13.8500,1,hybrid:ecc,0.9059,0.232,1501.5,986.2,-177.040,-1065.7,-199.9,-1155.1,1527.8,3468.8,1766.9,3558.1,39.2,1450.0,,,planar,1023.9,531.9,1981.5,534.3,1979.2,1440.6,1021.6,1438.2,-166.9,-153.4,-256.3,1574.3,2709.2,-4.7,2619.9,1723.0,971.8,0
278,13.9000,1,hybrid:ecc,0.9027,0.233,1489.1,986.1,-177.052,-1078.4,-199.4,-1167.4,1528.3,3456.5,1766.4,3545.5,38.7,1450.0,,,planar,1011.3,531.8,1968.9,534.0,1966.9,1440.3,1009.3,1438.1,-179.6,-153.2,-268.5,1574.6,2696.6,-5.0,2607.6,1722.7,959.5,0
279,13.9500,1,hybrid:ecc,0.8954,0.234,1477.4,985.9,-177.136,-1091.8,-195.9,-1178.3,1531.9,3446.0,1763.3,3532.4,35.5,1450.0,,,planar,998.9,532.3,1956.5,533.1,1955.8,1439.4,998.2,1438.6,-192.9,-150.9,-279.4,1576.9,2683.5,-7.0,2597.0,1720.8,948.8,0
280,14.0000,1,hybrid:ecc,0.9050,0.242,1464.9,985.6,-177.100,-1103.6,-197.8,-1191.1,1530.0,3433.0,1764.3,3520.5,36.5,1450.0,,,planar,986.7,531.8,1944.3,533.2,1943.0,1439.5,985.4,1438.1,-204.7,-152.3,-292.3,1575.5,2671.6,-6.5,2584.1,1721.2,935.9,0
281,14.0500,1,hybrid:ecc,0.8776,0.239,1452.8,985.6,-177.088,-1115.4,-198.3,-1203.3,1529.4,3420.7,1764.7,3508.6,36.9,1450.0,,,planar,974.7,531.6,1932.3,533.2,1930.8,1439.5,973.2,1437.9,-216.6,-152.6,-304.5,1575.2,2659.7,-6.3,2571.8,1721.5,923.7,0
282,14.1000,1,hybrid:ecc,0.9082,0.241,1440.4,985.4,-177.052,-1127.1,-200.1,-1216.1,1527.6,3407.8,1765.7,3496.8,38.0,1450.0,,,planar,962.6,531.1,1920.2,533.3,1918.1,1439.6,960.5,1437.4,-228.3,-153.9,-317.2,1573.9,2647.9,-5.7,2558.9,1722.0,910.9,0
283,14.1500,1,hybrid:ecc,0.8813,0.252,1427.5,984.7,-177.112,-1141.2,-198.2,-1228.4,1529.6,3395.7,1762.9,3482.9,35.1,1450.0,,,planar,949.3,531.0,1906.9,532.2,1905.8,1438.5,948.2,1437.3,-242.4,-152.8,-329.5,1575.0,2634.0,-7.7,2546.8,1720.1,898.6,0
284,14.2000,1,hybrid:ecc,0.9069,0.250,1414.7,984.4,-177.082,-1153.4,-199.8,-1241.5,1527.9,3382.5,1763.7,3470.6,35.9,1450.0,,,planar,936.7,530.4,1894.3,532.1,1892.8,1438.4,935.2,1436.7,-254.6,-154.0,-342.6,1573.8,2621.7,-7.4,2533.6,1720.4,885.5,0
285,14.2500,1,hybrid:ecc,0.8823,0.262,1401.2,983.7,-176.974,-1164.7,-205.3,-1256.0,1522.3,3367.6,1766.7,3458.9,39.1,1450.0,,,planar,924.0,528.8,1881.6,532.3,1878.4,1438.6,920.8,1435.1,-265.9,-157.8,-357.2,1569.8,2610.1,-5.8,2518.7,1721.8,870.7,0
286,14.3000,1,hybrid:ecc,0.9050,0.256,1387.1,983.3,-177.010,-1179.5,-204.1,-1269.8,1523.5,3353.9,1765.0,3444.2,37.4,1450.0,,,planar,909.7,528.7,1867.3,531.6,1864.6,1437.9,907.0,1435.0,-280.7,-157.2,-371.0,1570.5,2595.3,-7.0,2505.1,1720.7,857.0,0
287,14.3500,1,hybrid:ecc,0.9088,0.257,1372.6,983.0,-177.028,-1194.4,-203.6,-1284.1,1524.1,3339.7,1764.1,3429.4,36.4,1450.0,,,planar,895.1,528.6,1852.7,531.2,1850.2,1437.5,892.6,1434.8,-295.6,-157.0,-385.3,1570.7,2580.5,-7.6,2490.8,1720.0,842.7,0
288,14.4000,1,hybrid:ecc,0.8961,0.261,1357.8,983.3,-177.070,-1210.0,-201.4,-1298.5,1526.3,3325.5,1763.0,3413.9,35.2,1450.0,,,planar,879.8,529.2,1837.4,531.1,1835.7,1437.4,878.1,1435.5,-311.2,-155.4,-399.7,1572.3,2565.0,-8.2,2476.6,1719.5,828.5,0
289,14.4500,1,hybrid:ecc,0.8803,0.261,1341.5,983.3,-177.058,-1226.1,-202.0,-1314.9,1525.7,3309.0,1763.4,3397.8,35.7,1450.0,,,planar,863.7,529.1,1821.3,531.2,1819.3,1437.5,861.7,1435.4,-327.3,-155.8,-416.1,1571.9,2548.9,-8.0,2460.1,1719.8,812.0,0
290,14.5000,1,hybrid:ecc,0.8739,0.263,1324.6,983.1,-177.028,-1242.4,-203.5,-1332.1,1524.2,3291.7,1764.2,3381.4,36.5,1450.0,,,planar,847.1,528.6,1804.6,531.2,1802.2,1437.5,844.6,1434.9,-343.6,-156.9,-433.3,1570.8,2532.5,-7.5,2442.8,1720.1,794.8,0
291,14.5500,1,hybrid:ecc,0.8759,0.264,1307.5,982.6,-177.034,-1259.6,-203.8,-1349.1,1523.9,3274.7,1763.5,3364.2,35.8,1450.0,,,planar,829.9,528.2,1787.5,530.7,1785.1,1437.0,827.5,1434.4,-360.8,-157.2,-450.3,1570.5,2515.3,-8.2,2425.8,1719.5,777.8,0
292,14.6000,1,hybrid:ecc,0.8910,0.265,1289.3,982.0,-177.016,-1277.4,-205.2,-1367.5,1522.5,3256.2,1763.5,3346.3,35.9,1450.0,,,planar,811.9,527.4,1769.5,530.2,1766.8,1436.5,809.2,1433.7,-378.7,-158.3,-468.7,1569.3,2497.4,-8.4,2407.4,1719.3,759.3,0
293,14.6500,1,hybrid:ecc,0.9054,0.264,1271.1,980.8,-177.088,-1297.1,-203.1,-1385.0,1524.6,3239.0,1759.9,3326.9,32.1,1450.0,,,planar,793.1,526.9,1750.7,528.5,1749.1,1434.8,791.5,1433.2,-398.3,-157.4,-486.2,1570.4,2478.0,-11.1,2390.1,1716.7,741.9,0
294,14.7000,1,hybrid:ecc,0.9068,0.263,1251.1,980.2,-177.076,-1316.9,-204.3,-1405.1,1523.5,3218.8,1759.7,3307.1,31.9,1450.0,,,planar,773.1,526.1,1730.7,527.9,1729.0,1434.2,771.4,1432.4,-418.0,-158.4,-506.3,1569.4,2458.2,-11.4,2369.9,1716.3,721.8,0
295,14.7500,1,hybrid:ecc,0.8649,0.274,1230.8,979.2,-177.040,-1336.4,-206.9,-1425.8,1520.8,3198.1,1759.9,3287.4,32.2,1450.0,,,planar,753.1,524.8,1710.7,527.2,1708.4,1433.5,750.8,1431.1,-437.6,-160.4,-527.0,1567.3,2438.5,-11.7,2349.2,1716.0,701.1,0
296,14.8000,1,hybrid:ecc,0.8993,0.267,1209.6,979.2,-177.022,-1357.3,-207.7,-1447.1,1520.0,3176.6,1760.5,3266.5,32.9,1450.0,,,planar,732.0,524.7,1689.6,527.4,1687.1,1433.7,729.5,1431.0,-458.5,-160.9,-548.4,1566.7,2417.6,-11.3,2327.8,1716.4,679.7,0
297,14.8500,1,hybrid:ecc,0.8654,0.264,1188.5,978.4,-177.171,-1381.4,-201.8,-1466.8,1526.1,3157.5,1754.6,3242.9,26.7,1450.0,,,planar,709.8,525.1,1667.4,525.3,1667.1,1431.6,709.5,1431.4,-482.5,-157.4,-567.9,1570.5,2393.9,-15.3,2308.6,1712.6,660.3,0
298,14.9000,1,hybrid:ecc,0.8949,0.273,1166.1,977.6,-177.040,-1401.1,-208.5,-1490.5,1519.2,3133.4,1758.3,3222.7,30.6,1450.0,,,planar,688.5,523.2,1646.1,525.6,1643.8,1431.9,686.2,1429.5,-502.3,-162.0,-591.7,1565.7,2373.8,-13.3,2284.5,1714.4,636.3,0
299,14.9500,1,hybrid:ecc,0.8869,0.279,1144.0,976.5,-177.034,-1423.1,-209.9,-1512.6,1517.8,3111.2,1757.4,3200.7,29.7,1450.0,,,planar,666.4,522.1,1624.0,524.6,1621.6,1430.9,664.0,1428.4,-524.3,-163.3,-613.8,1564.4,2351.8,-14.3,2262.3,1713.4,614.1,0
300,15.0000,1,hybrid:ecc,0.8824,0.281,1120.7,975.3,-177.016,-1446.0,-211.9,-1536.1,1515.8,3087.6,1756.8,3177.7,29.2,1450.0,,,planar,643.2,520.8,1600.8,523.6,1598.2,1429.9,640.6,1427.1,-547.3,-165.0,-637.3,1562.6,2328.8,-15.1,2238.8,1712.6,590.6,0
301,15.0500,1,hybrid:ecc,0.9046,0.275,1097.6,974.7,-177.004,-1468.9,-213.0,-1559.3,1514.6,3064.4,1756.6,3154.8,29.0,1450.0,,,planar,620.2,520.1,1577.8,523.1,1575.0,1429.4,617.4,1426.4,-570.1,-166.0,-660.5,1561.7,2305.9,-15.4,2215.5,1712.2,567.4,0
302,15.1000,1,hybrid:ecc,0.8913,0.278,1075.9,973.8,-176.926,-1489.0,-217.4,-1581.7,1510.1,3041.6,1758.4,3134.4,30.9,1450.0,,,planar,599.1,518.5,1556.7,522.8,1552.6,1429.1,595.0,1424.8,-590.3,-169.1,-683.0,1558.4,2285.6,-14.7,2192.8,1712.8,544.8,0
303,15.1500,1,hybrid:ecc,0.8976,0.283,1053.9,973.3,-176.956,-1511.6,-216.5,-1603.5,1511.0,3020.0,1756.9,3111.9,29.3,1450.0,,,planar,576.9,518.2,1534.5,522.0,1530.9,1428.3,573.3,1424.5,-612.9,-168.7,-704.7,1558.8,2263.1,-15.8,2171.2,1711.7,523.1,0
304,15.2000,1,hybrid:ecc,0.8789,0.285,1034.0,972.7,-176.956,-1531.5,-217.1,-1623.4,1510.4,3000.1,1756.3,3092.0,28.7,1450.0,,,planar,557.1,517.7,1514.7,521.5,1511.0,1427.8,553.4,1424.0,-632.8,-169.3,-724.6,1558.2,2243.2,-16.4,2151.3,1711.1,503.2,0
305,15.2500,1,hybrid:ecc,0.8997,0.287,1014.2,972.1,-176.854,-1549.2,-222.3,-1644.1,1505.1,2978.9,1759.2,3073.8,31.8,1450.0,,,planar,538.0,516.2,1495.6,521.7,1490.4,1428.0,532.8,1422.5,-650.5,-172.9,-745.5,1554.5,2225.1,-14.9,2130.2,1712.5,482.2,0
306,15.3000,1,hybrid:ecc,0.9003,0.291,995.2,971.5,-176.950,-1570.2,-218.6,-1662.2,1508.9,2961.2,1755.3,3053.3,27.7,1450.0,,,planar,518.2,516.4,1475.8,520.3,1472.2,1426.6,514.6,1422.7,-671.4,-170.7,-763.5,1556.8,2204.5,-17.5,2112.4,1710.1,464.3,0
307,15.3500,1,hybrid:ecc,0.8958,0.293,977.1,970.7,-176.986,-1589.0,-217.8,-1680.0,1509.8,2943.6,1753.3,3034.6,25.6,1450.0,,,planar,499.9,515.9,1457.5,519.2,1454.3,1425.5,496.7,1422.2,-690.3,-170.5,-781.2,1557.1,2185.8,-19.0,2094.8,1708.6,446.6,0
308,15.4000,1,hybrid:ecc,0.8891,0.294,959.4,970.2,-176.962,-1606.2,-219.4,-1697.9,1508.2,2925.6,1753.6,3017.3,26.0,1450.0,,,planar,482.4,515.2,1440.0,518.9,1436.4,1425.2,478.8,1421.4,-707.5,-171.7,-799.2,1555.9,2168.5,-19.0,2076.8,1708.5,428.6,0
309,15.4500,1,hybrid:ecc,0.8826,0.295,941.6,970.1,-176.932,-1623.4,-220.8,-1716.0,1506.7,2907.4,1754.5,3000.0,27.0,1450.0,,,planar,464.8,514.9,1422.4,519.1,1418.4,1425.4,460.8,1421.2,-724.7,-172.6,-817.3,1554.9,2151.2,-18.5,2058.6,1709.0,410.5,0
310,15.5000,1,hybrid:ecc,0.8745,0.290,924.1,969.7,-176.944,-1641.1,-220.7,-1733.4,1506.9,2890.0,1753.7,2982.3,26.2,1450.0,,,planar,447.2,514.5,1404.8,518.5,1401.0,1424.8,443.4,1420.8,-742.4,-172.7,-834.7,1554.8,2133.5,-19.2,2041.3,1708.4,393.1,0
311,15.5500,1,hybrid:ecc,0.8636,0.290,905.9,969.3,-176.789,-1656.1,-228.0,-1753.0,1499.2,2869.7,1758.6,2966.6,31.3,1450.0,,,planar,430.3,512.9,1387.9,519.5,1381.6,1425.8,424.0,1419.1,-757.5,-177.6,-854.4,1549.7,2118.0,-16.3,2021.0,1711.0,373.2,0
312,15.6000,1,hybrid:ecc,0.8839,0.294,886.9,969.1,-176.950,-1678.5,-221.0,-1770.5,1506.5,2852.9,1752.9,2945.0,25.3,1450.0,,,planar,409.9,514.0,1367.5,517.9,1363.9,1424.1,406.3,1420.3,-779.7,-173.1,-871.8,1554.4,2096.2,-19.9,2004.1,1707.7,356.0,0
313,15.6500,1,hybrid:ecc,0.8958,0.294,867.6,968.9,-176.932,-1697.4,-222.0,-1790.0,1505.5,2833.4,1753.3,2926.0,25.8,1450.0,,,planar,390.8,513.6,1348.4,517.8,1344.4,1424.1,386.8,1419.9,-798.7,-173.8,-891.3,1553.7,2077.2,-19.7,1984.6,1707.8,336.5,0
314,15.7000,1,hybrid:ecc,0.8859,0.299,848.1,968.7,-176.944,-1717.1,-221.7,-1809.4,1505.9,2814.0,1752.7,2906.3,25.2,1450.0,,,planar,371.1,513.5,1328.7,517.5,1325.0,1423.8,367.4,1419.8,-818.4,-173.7,-910.7,1553.8,2057.5,-20.2,1965.3,1707.4,317.2,0
315,15.7500,1,hybrid:ecc,0.8655,0.302,828.5,968.7,-176.932,-1736.5,-222.2,-1829.1,1505.3,2794.3,1753.1,2886.9,25.6,1450.0,,,planar,351.6,513.5,1309.2,517.7,1305.3,1423.9,347.7,1419.8,-837.8,-174.0,-930.4,1553.5,2038.1,-19.9,1945.5,1707.6,297.4,0
316,15.8000,1,hybrid:ecc,0.8959,0.296,809.4,968.6,-176.866,-1754.2,-225.3,-1848.8,1502.2,2774.3,1755.3,2868.9,27.8,1450.0,,,planar,333.2,512.8,1290.7,518.1,1285.7,1424.4,328.1,1419.0,-855.6,-176.1,-950.1,1551.4,2020.1,-18.6,1925.6,1708.8,277.6,0
317,15.8500,1,hybrid:ecc,0.9029,0.284,790.0,968.6,-176.914,-1774.6,-223.1,-1867.8,1504.4,2755.5,1753.6,2848.7,26.1,1450.0,,,planar,313.4,513.2,1270.9,517.7,1266.7,1424.0,309.1,1419.5,-875.9,-174.7,-969.1,1552.8,1999.9,-19.6,1906.8,1707.9,258.8,0
318,15.9000,1,hybrid:ecc,0.8923,0.285,770.8,968.8,-176.920,-1793.9,-222.6,-1886.9,1504.9,2736.4,1753.6,2829.4,26.1,1450.0,,,planar,294.1,513.4,1251.7,517.8,1247.5,1424.1,289.9,1419.7,-895.2,-174.3,-988.2,1553.2,1980.6,-19.6,1887.6,1707.9,239.7,0
319,15.9500,1,hybrid:ecc,0.8712,0.287,751.6,968.5,-176.902,-1812.8,-223.7,-1906.3,1503.7,2717.0,1753.9,2810.5,26.5,1450.0,,,planar,275.1,513.0,1232.7,517.7,1228.2,1424.0,270.6,1419.3,-914.1,-175.1,-1007.6,1552.4,1961.7,-19.5,1868.2,1708.0,220.3,0
320,16.0000,1,hybrid:ecc,0.8927,0.289,733.2,968.0,-176.812,-1829.3,-228.3,-1925.5,1499.1,2697.3,1756.5,2793.5,29.2,1450.0,,,planar,257.3,511.7,1214.9,517.9,1209.0,1424.2,251.4,1418.0,-930.7,-178.2,-1026.9,1549.1,1944.8,-18.1,1848.7,1709.2,200.8,0
321,16.0500,1,hybrid:ecc,0.9062,0.278,714.3,967.3,-176.812,-1848.2,-229.0,-1944.4,1498.4,2678.4,1755.8,2774.6,28.5,1450.0,,,planar,238.4,511.1,1196.0,517.3,1190.2,1423.6,232.6,1417.4,-949.6,-178.9,-1045.8,1548.4,1925.9,-18.8,1829.8,1708.5,181.9,0
322,16.1000,1,hybrid:ecc,0.9073,0.275,696.1,967.3,-176.830,-1866.8,-228.2,-1962.4,1499.2,2660.5,1755.2,2756.1,27.8,1450.0,,,planar,220.1,511.2,1177.7,517.1,1172.2,1423.4,214.6,1417.5,-968.2,-178.4,-1063.8,1549.0,1907.4,-19.2,1811.8,1708.2,164.0,0
323,16.1500,1,hybrid:ecc,0.8978,0.278,677.1,967.4,-176.866,-1886.5,-226.5,-1981.1,1501.0,2642.0,1754.1,2736.6,26.6,1450.0,,,planar,200.8,511.6,1158.4,516.9,1153.4,1423.2,195.8,1417.9,-987.9,-177.3,-1082.4,1550.2,1887.8,-19.8,1793.3,1707.6,145.4,0
324,16.2000,1,hybrid:ecc,0.8730,0.278,658.0,967.6,-176.848,-1905.3,-227.1,-2000.4,1500.3,2622.6,1754.9,2717.7,27.5,1450.0,,,planar,181.9,511.7,1139.5,517.3,1134.1,1423.6,176.6,1417.9,-1006.6,-177.6,-1101.7,1549.8,1869.0,-19.2,1773.9,1708.1,126.1,0
325,16.2500,1,hybrid:ecc,0.8923,0.282,639.4,967.4,-176.729,-1921.4,-232.6,-2020.1,1494.6,2602.4,1758.8,2701.1,31.6,1450.0,,,planar,164.2,510.5,1121.7,518.1,1114.6,1424.3,157.0,1416.8,-1022.8,-181.3,-1121.5,1545.9,1852.5,-16.9,1753.8,1710.3,106.2,0
326,16.3000,1,hybrid:ecc,0.9009,0.287,620.2,966.9,-176.741,-1940.8,-232.6,-2039.2,1494.6,2583.3,1757.9,2681.7,30.7,1450.0,,,planar,145.0,510.1,1102.5,517.5,1095.5,1423.8,138.0,1416.4,-1042.3,-181.4,-1140.6,1545.8,1833.1,-17.7,1734.7,1709.5,87.1,0
327,16.3500,1,hybrid:ecc,0.9071,0.272,601.8,966.5,-176.759,-1959.6,-232.2,-2057.4,1495.1,2565.2,1756.9,2663.0,29.6,1450.0,,,planar,126.4,509.8,1083.9,516.9,1077.2,1423.1,119.7,1416.1,-1061.0,-181.3,-1158.8,1545.9,1814.4,-18.4,1716.6,1708.8,68.9,0
328,16.4000,1,hybrid:ecc,0.8994,0.279,583.7,966.3,-176.741,-1977.3,-233.2,-2075.7,1494.0,2546.8,1757.3,2645.2,30.1,1450.0,,,planar,108.4,509.4,1065.9,516.8,1059.0,1423.1,101.4,1415.7,-1078.8,-182.0,-1177.1,1545.2,1796.6,-18.3,1698.2,1708.9,50.6,0
329,16.4500,1,hybrid:ecc,0.8973,0.276,566.1,966.2,-176.777,-1995.7,-231.7,-2092.9,1495.6,2529.7,1755.9,2627.0,28.7,1450.0,,,planar,90.5,509.7,1048.1,516.5,1041.6,1422.8,84.1,1416.0,-1097.1,-181.1,-1194.4,1546.2,1778.4,-19.1,1681.1,1708.1,33.4,0
330,16.5000,1,hybrid:ecc,0.9002,0.269,549.1,966.0,-176.789,-2012.9,-231.3,-2109.8,1495.9,2512.9,1755.3,2609.8,28.0,1450.0,,,planar,73.4,509.6,1031.0,516.2,1024.8,1422.5,67.2,1415.9,-1114.3,-180.9,-1211.2,1546.4,1761.2,-19.6,1664.2,1707.7,16.6,0
331,16.5500,1,hybrid:ecc,0.9020,0.269,532.7,966.2,-176.687,-2027.2,-235.7,-2127.2,1491.4,2495.1,1759.0,2595.1,31.9,1450.0,,,planar,57.8,508.9,1015.3,517.2,1007.6,1423.4,50.0,1415.2,-1128.7,-183.7,-1228.7,1543.4,1746.5,-17.2,1646.5,1709.9,-0.9,1
332,16.6000,1,hybrid:ecc,0.9043,0.281,516.8,965.6,-176.717,-2043.7,-234.9,-2142.8,1492.2,2479.6,1757.4,2578.7,30.2,1450.0,,,planar,41.7,508.6,999.3,516.4,992.0,1422.6,34.4,1414.9,-1145.2,-183.4,-1244.3,1543.8,1730.1,-18.5,1631.0,1708.7,-16.5,1
333,16.6500,1,hybrid:ecc,0.8970,0.275,501.5,965.4,-176.741,-2059.5,-234.1,-2157.9,1493.1,2464.6,1756.4,2563.0,29.2,1450.0,,,planar,26.2,508.6,983.8,516.0,976.8,1422.3,19.2,1414.9,-1161.0,-182.9,-1259.3,1544.3,1714.4,-19.2,1616.0,1708.0,-31.5,1
334,16.7000,1,hybrid:ecc,0.8754,0.284,487.2,965.0,-176.777,-2074.6,-232.9,-2171.8,1494.4,2450.8,1754.7,2548.1,27.5,1450.0,,,planar,11.6,508.4,969.2,515.2,962.8,1421.5,5.2,1414.7,-1176.0,-182.3,-1273.3,1545.0,1699.5,-20.3,1602.2,1706.9,-45.4,1
335,16.7500,1,hybrid:ecc,0.8995,0.278,473.3,964.3,-176.723,-2087.3,-236.0,-2186.2,1491.2,2436.2,1755.9,2535.1,28.7,1450.0,,,planar,-1.8,507.3,955.7,515.0,948.5,1421.2,-9.1,1413.6,-1188.8,-184.5,-1287.7,1542.6,1686.5,-19.9,1587.6,1707.3,-60.0,1
336,16.8000,1,hybrid:ecc,0.8880,0.278,459.6,964.7,-176.627,-2099.0,-239.9,-2200.8,1487.2,2421.2,1759.6,2523.0,32.6,1450.0,,,planar,-14.8,506.9,942.8,516.2,934.0,1422.5,-23.6,1413.2,-1200.6,-186.9,-1302.4,1540.1,1674.4,-17.5,1572.6,1709.5,-74.7,1
337,16.8500,1,hybrid:ecc,0.8739,0.287,444.5,964.0,-176.735,-2116.4,-235.7,-2214.9,1491.5,2407.6,1755.2,2506.1,28.0,1450.0,,,planar,-30.8,507.1,926.8,514.6,919.7,1420.8,-37.8,1413.3,-1217.8,-184.5,-1316.4,1542.7,1657.5,-20.4,1558.9,1706.8,-88.6,1
338,16.9000,1,hybrid:ecc,0.8945,0.282,429.4,963.6,-176.735,-2131.5,-236.1,-2230.0,1491.1,2392.5,1754.8,2491.0,27.6,1450.0,,,planar,-45.9,506.7,911.7,514.2,904.7,1420.4,-52.9,1413.0,-1232.9,-184.9,-1331.5,1542.3,1642.4,-20.8,1543.8,1706.4,-103.7,1
339,16.9500,1,hybrid:ecc,0.9006,0.279,413.6,963.8,-176.747,-2147.5,-235.4,-2245.7,1491.8,2376.8,1754.6,2475.0,27.3,1450.0,,,planar,-61.8,507.0,895.8,514.3,889.0,1420.5,-68.6,1413.3,-1249.0,-184.3,-1347.2,1542.9,1626.4,-20.9,1528.2,1706.3,-119.4,1
340,17.0000,1,hybrid:ecc,0.9018,0.278,397.3,964.2,-176.729,-2163.5,-235.8,-2262.2,1491.4,2360.3,1755.6,2459.0,28.4,1450.0,,,planar,-77.9,507.2,879.7,514.8,872.5,1421.1,-85.1,1413.5,-1264.9,-184.5,-1363.6,1542.7,1610.4,-20.1,1511.7,1707.1,-135.8,1
341,17.0500,1,hybrid:ecc,0.9003,0.282,380.8,964.3,-176.693,-2179.2,-237.3,-2279.0,1489.8,2343.3,1756.9,2443.1,29.8,1450.0,,,planar,-94.1,507.1,863.4,515.3,855.7,1421.5,-101.9,1413.3,-1280.7,-185.4,-1380.5,1541.7,1594.5,-19.2,1494.7,1707.9,-152.7,1
342,17.1000,1,hybrid:ecc,0.8994,0.287,363.4,964.1,-176.711,-2197.0,-236.7,-2296.2,1490.4,2326.1,1756.1,2425.4,28.9,1450.0,,,planar,-111.6,507.0,846.0,514.9,838.4,1421.2,-119.1,1413.2,-1298.5,-185.1,-1397.7,1542.1,1576.8,-19.8,1477.5,1707.3,-169.9,1
343,17.1500,1,hybrid:ecc,0.8989,0.287,345.9,963.4,-176.675,-2213.7,-239.0,-2314.1,1488.1,2308.1,1756.6,2408.5,29.5,1450.0,,,planar,-128.9,506.0,828.7,514.5,820.6,1420.8,-136.9,1412.3,-1315.2,-186.8,-1415.6,1540.3,1559.9,-19.8,1459.6,1707.3,-187.8,1
344,17.2000,1,hybrid:ecc,0.8953,0.289,327.5,962.9,-176.669,-2232.0,-239.8,-2332.5,1487.3,2289.7,1756.3,2390.2,29.2,1450.0,,,planar,-147.2,505.5,810.4,514.1,802.2,1420.3,-155.3,1411.7,-1333.5,-187.5,-1434.0,1539.6,1541.6,-20.1,1441.1,1706.9,-206.3,1
345,17.2500,1,hybrid:ecc,0.8842,0.291,308.9,963.0,-176.687,-2251.0,-238.9,-2351.0,1488.2,2271.3,1755.8,2371.3,28.7,1450.0,,,planar,-166.0,505.7,791.5,514.0,783.8,1420.2,-173.8,1412.0,-1352.5,-186.9,-1452.5,1540.2,1522.7,-20.4,1422.7,1706.7,-224.7,1
346,17.3000,1,hybrid:ecc,0.8673,0.296,290.3,962.9,-176.693,-2269.7,-238.7,-2369.5,1488.4,2252.8,1755.5,2352.6,28.4,1450.0,,,planar,-184.5,505.7,773.0,513.9,765.2,1420.2,-192.3,1412.0,-1371.2,-186.8,-1471.0,1540.3,1504.0,-20.6,1404.2,1706.5,-243.2,1
347,17.3500,1,hybrid:ecc,0.8720,0.292,272.0,962.7,-176.669,-2287.5,-240.0,-2388.0,1487.1,2234.2,1756.1,2334.7,29.1,1450.0,,,planar,-202.7,505.3,754.8,513.9,746.8,1420.1,-210.8,1411.6,-1389.0,-187.7,-1489.5,1539.4,1486.1,-20.3,1385.6,1706.7,-261.7,1
348,17.4000,1,hybrid:ecc,0.8868,0.288,253.9,962.2,-176.543,-2303.0,-246.1,-2407.3,1480.8,2214.3,1759.9,2318.6,33.1,1450.0,,,planar,-219.8,503.7,737.7,514.4,727.5,1420.7,-230.0,1409.9,-1404.6,-191.8,-1508.9,1535.0,1470.2,-18.2,1365.9,1708.7,-281.3,1
349,17.4500,1,hybrid:ecc,0.8918,0.289,235.0,961.3,-176.591,-2322.9,-244.9,-2425.7,1482.1,2196.1,1757.4,2298.9,30.5,1450.0,,,planar,-239.0,503.2,718.5,513.1,709.1,1419.4,-248.5,1409.4,-1424.5,-191.3,-1527.3,1535.6,1450.5,-20.1,1347.6,1706.8,-299.6,1
350,17.5000,1,hybrid:ecc,0.8840,0.305,216.5,960.9,-176.579,-2341.1,-245.8,-2444.3,1481.1,2177.4,1757.4,2280.6,30.5,1450.0,,,planar,-257.5,502.8,700.1,512.9,690.5,1419.1,-267.1,1409.0,-1442.7,-192.1,-1545.9,1534.8,1432.2,-20.2,1328.9,1706.7,-318.3,1
351,17.5500,1,hybrid:ecc,0.8848,0.286,198.3,960.9,-176.567,-2359.1,-246.3,-2462.6,1480.6,2159.0,1757.8,2262.6,30.9,1450.0,,,planar,-275.6,502.6,682.0,512.9,672.2,1419.2,-285.3,1408.9,-1460.7,-192.4,-1564.3,1534.5,1414.2,-20.0,1310.6,1706.9,-336.6,1
352,17.6000,1,hybrid:ecc,0.8758,0.282,179.8,960.6,-176.555,-2377.3,-247.2,-2481.3,1479.7,2140.4,1757.9,2244.3,31.0,1450.0,,,planar,-294.0,502.3,663.6,512.8,653.6,1419.0,-303.9,1408.5,-1478.9,-193.1,-1582.9,1533.8,1395.9,-20.0,1291.9,1706.8,-355.2,1
353,17.6500,1,hybrid:ecc,0.8714,0.272,161.2,960.3,-176.549,-2395.8,-247.7,-2499.9,1479.1,2121.7,1757.8,2225.8,31.0,1450.0,,,planar,-312.6,501.9,644.9,512.5,635.0,1418.7,-322.6,1408.2,-1497.4,-193.6,-1601.5,1533.3,1377.4,-20.2,1273.2,1706.7,-373.9,1
354,17.7000,1,hybrid:ecc,0.8878,0.269,142.4,960.2,-176.519,-2413.9,-249.2,-2519.0,1477.6,2102.5,1758.7,2207.5,31.9,1450.0,,,planar,-331.2,501.5,626.4,512.6,615.9,1418.9,-341.6,1407.8,-1515.6,-194.5,-1620.6,1532.3,1359.1,-19.7,1254.0,1707.1,-393.0,1
355,17.7500,1,hybrid:ecc,0.8927,0.277,123.3,959.6,-176.435,-2431.3,-253.5,-2538.8,1473.2,2082.2,1761.0,2189.8,34.4,1450.0,,,planar,-349.5,500.3,608.0,512.8,596.2,1419.0,-361.3,1406.5,-1533.0,-197.5,-1640.6,1529.1,1341.4,-18.5,1233.9,1708.2,-413.0,1
356,17.8000,1,hybrid:ecc,0.8913,0.269,104.9,959.1,-176.448,-2449.9,-253.5,-2557.1,1473.2,2064.0,1760.1,2171.2,33.4,1450.0,,,planar,-368.1,499.8,589.5,512.1,577.8,1418.3,-379.7,1406.0,-1551.7,-197.7,-1658.9,1529.0,1322.8,-19.2,1215.6,1707.4,-431.3,1
357,17.8500,1,hybrid:ecc,0.8770,0.250,86.1,958.6,-176.441,-2468.6,-254.2,-2576.0,1472.4,2045.1,1759.8,2152.5,33.1,1450.0,,,planar,-386.7,499.3,570.8,511.7,559.0,1417.9,-398.5,1405.5,-1570.3,-198.4,-1677.7,1528.3,1304.1,-19.6,1196.7,1707.0,-450.2,1
358,17.9000,1,hybrid:ecc,0.8723,0.243,67.4,957.8,-176.250,-2483.2,-263.6,-2596.4,1462.7,2023.7,1765.5,2136.9,39.3,1450.0,,,planar,-403.9,496.9,553.6,512.5,538.8,1418.7,-418.7,1403.0,-1585.2,-204.7,-1698.3,1521.6,1288.7,-16.3,1175.5,1710.0,-471.0,1
359,17.9500,1,hybrid:ecc,0.8848,0.245,49.0,958.3,-176.430,-2505.4,-255.1,-2613.2,1471.6,2007.8,1759.9,2115.6,33.3,1450.0,,,planar,-423.7,498.9,533.8,511.5,521.8,1417.8,-435.7,1405.1,-1607.2,-199.0,-1714.9,1527.6,1267.2,-19.7,1159.5,1707.0,-487.4,1
360,18.0000,1,hybrid:ecc,0.8781,0.247,32.5,957.9,-176.172,-2516.5,-266.9,-2632.0,1459.2,1987.7,1768.3,2103.2,42.2,1450.0,,,planar,-438.2,496.4,519.2,513.3,503.3,1419.4,-454.2,1402.6,-1618.5,-206.8,-1734.0,1519.3,1255.1,-14.6,1139.6,1711.6,-506.7,1
361,18.0500,1,hybrid:ecc,0.8848,0.253,19.7,958.9,-176.394,-2534.0,-256.1,-2642.8,1470.5,1978.0,1761.7,2086.8,35.2,1450.0,,,planar,-452.8,499.2,504.7,512.4,492.3,1418.6,-465.2,1405.4,-1635.8,-199.5,-1744.6,1527.1,1238.5,-18.3,1129.7,1708.3,-517.0,1
362,18.1000,1,hybrid:ecc,0.8847,0.251,12.2,959.1,-176.256,-2538.6,-262.0,-2651.5,1464.3,1968.6,1766.6,2081.6,40.3,1450.0,,,planar,-459.2,498.3,498.3,513.8,483.5,1420.0,-473.9,1404.5,-1640.5,-203.2,-1753.5,1523.1,1233.4,-15.2,1120.4,1711.1,-526.0,1
363,18.1500,1,hybrid:ecc,0.8789,0.256,10.5,959.0,-176.268,-2540.5,-261.6,-2653.1,1464.8,1967.1,1766.1,2079.7,39.8,1450.0,,,planar,-461.0,498.3,496.4,513.6,481.9,1419.8,-475.5,1404.4,-1642.4,-203.0,-1755.0,1523.3,1231.5,-15.5,1118.9,1710.8,-527.6,1
364,18.2000,1,hybrid:ecc,0.8811,0.254,13.6,959.0,-176.136,-2534.6,-267.4,-2651.2,1458.7,1968.3,1770.6,2084.9,44.6,1450.0,,,planar,-456.9,497.2,500.6,514.7,484.0,1420.8,-473.4,1403.4,-1636.7,-206.8,-1753.2,1519.3,1236.8,-12.7,1120.2,1713.4,-525.9,1
365,18.2500,1,hybrid:ecc,0.8671,0.251,17.6,959.4,-176.148,-2530.9,-266.5,-2647.1,1459.6,1972.5,1770.6,2088.7,44.5,1450.0,,,planar,-452.9,497.7,504.6,515.0,488.2,1421.2,-469.3,1403.8,-1632.9,-206.0,-1749.1,1520.1,1240.6,-12.6,1124.4,1713.5,-521.8,1
366,18.3000,1,hybrid:ecc,0.8862,0.248,19.7,962.4,-176.136,-2528.5,-264.0,-2645.1,1462.1,1974.4,1774.0,2091.0,48.0,1450.0,,,planar,-450.8,500.6,506.7,518.1,490.1,1424.3,-467.3,1406.8,-1630.6,-203.4,-1747.1,1522.7,1242.9,-9.3,1126.3,1716.8,-519.7,1
367,18.3500,1,hybrid:ecc,0.8912,0.252,20.0,965.5,-176.238,-2530.4,-256.4,-2643.9,1469.9,1976.1,1773.7,2089.6,47.4,1450.0,,,planar,-451.3,504.5,506.2,520.3,491.2,1426.5,-466.3,1410.6,-1632.3,-197.3,-1745.8,1528.9,1241.5,-8.4,1128.0,1717.9,-518.1,1
368,18.4000,1,hybrid:ecc,0.8897,0.256,20.1,967.7,-176.346,-2532.6,-249.4,-2642.8,1477.1,1977.8,1772.2,2088.0,45.7,1450.0,,,planar,-452.1,507.6,505.4,521.6,492.2,1427.8,-465.3,1413.8,-1634.4,-192.0,-1744.7,1534.4,1239.7,-8.5,1129.5,1718.0,-516.8,1
369,18.4500,1,hybrid:ecc,0.8887,0.254,20.5,968.3,-176.388,-2533.1,-246.9,-2642.1,1479.6,1978.7,1771.3,2087.7,44.8,1450.0,,,planar,-452.0,508.5,505.5,521.8,493.0,1428.0,-464.5,1414.7,-1634.9,-190.2,-1743.9,1536.3,1239.4,-8.8,1130.4,1717.8,-515.9,1
370,18.5000,1,hybrid:ecc,0.8851,0.258,21.6,968.2,-176.400,-2532.2,-246.5,-2640.9,1480.1,1980.0,1770.8,2088.6,44.3,1450.0,,,planar,-451.0,508.5,506.5,521.6,494.1,1427.8,-463.4,1414.7,-1634.0,-190.0,-1742.6,1536.6,1240.3,-9.1,1131.7,1717.5,-514.6,1
371,18.5500,1,hybrid:ecc,0.8924,0.260,21.6,966.3,-176.394,-2532.1,-248.7,-2640.9,1477.9,1979.9,1769.1,2088.7,42.6,1450.0,,,planar,-450.9,506.6,506.6,519.8,494.1,1426.0,-463.4,1412.9,-1633.9,-192.1,-1742.7,1534.5,1240.4,-10.9,1131.6,1715.7,-514.8,1
372,18.6000,1,hybrid:ecc,0.8883,0.262,21.3,965.5,-176.412,-2532.8,-248.7,-2641.0,1477.9,1979.9,1767.7,2088.2,41.1,1450.0,,,planar,-451.3,505.9,506.2,518.8,493.9,1425.1,-463.6,1412.1,-1634.5,-192.3,-1742.8,1534.3,1239.8,-12.1,1131.5,1714.5,-514.9,1
373,18.6500,1,hybrid:ecc,0.8886,0.265,20.5,964.7,-176.424,-2533.8,-248.9,-2641.7,1477.7,1979.2,1766.5,2087.2,39.9,1450.0,,,planar,-452.2,505.2,505.3,517.9,493.2,1424.2,-464.3,1411.4,-1635.6,-192.8,-1743.5,1533.8,1238.8,-13.1,1130.9,1713.5,-515.6,1
374,18.7000,1,hybrid:ecc,0.8868,0.264,20.3,964.8,-176.412,-2533.8,-249.4,-2642.0,1477.2,1978.9,1767.0,2087.2,40.4,1450.0,,,planar,-452.4,505.3,505.1,518.2,492.9,1424.4,-464.6,1411.5,-1635.5,-193.0,-1743.8,1533.6,1238.8,-12.8,1130.5,1713.8,-516.0,1
375,18.7500,1,hybrid:ecc,0.8777,0.252,20.8,965.6,-176.286,-2530.6,-254.2,-2642.7,1472.2,1977.6,1772.1,2089.7,45.8,1450.0,,,planar,-450.9,505.0,506.6,520.0,492.4,1426.2,-465.1,1411.2,-1632.5,-195.9,-1744.6,1530.5,1241.5,-9.3,1129.4,1717.1,-516.8,1
376,18.8000,1,hybrid:ecc,0.8768,0.253,20.6,965.7,-176.328,-2531.7,-252.2,-2642.5,1474.3,1978.0,1770.8,2088.8,44.3,1450.0,,,planar,-451.4,505.4,506.1,519.7,492.5,1425.9,-465.0,1411.6,-1633.5,-194.6,-1744.3,1531.9,1240.5,-10.1,1129.7,1716.4,-516.5,1
377,18.8500,1,hybrid:ecc,0.8770,0.254,20.6,965.6,-176.340,-2531.9,-251.8,-2642.4,1474.7,1978.2,1770.3,2088.6,43.8,1450.0,,,planar,-451.5,505.5,506.0,519.6,492.6,1425.8,-464.9,1411.7,-1633.8,-194.3,-1744.2,1532.2,1240.3,-10.5,1129.9,1716.0,-516.4,1
378,18.9000,1,hybrid:ecc,0.8771,0.253,20.6,965.6,-176.340,-2531.9,-251.8,-2642.4,1474.7,1978.2,1770.3,2088.6,43.8,1450.0,,,planar,-451.5,505.5,506.0,519.6,492.6,1425.8,-464.9,1411.7,-1633.8,-194.3,-1744.2,1532.2,1240.3,-10.5,1129.9,1716.0,-516.4,1
379,18.9500,1,hybrid:ecc,0.8772,0.254,20.6,965.6,-176.340,-2531.9,-251.8,-2642.4,1474.7,1978.2,1770.3,2088.6,43.8,1450.0,,,planar,-451.5,505.5,506.0,519.6,492.6,1425.8,-464.9,1411.7,-1633.8,-194.3,-1744.2,1532.2,1240.3,-10.5,1129.9,1716.0,-516.4,1
380,19.0000,1,hybrid:ecc,0.8772,0.254,20.6,965.6,-176.340,-2531.9,-251.8,-2642.4,1474.7,1978.2,1770.3,2088.6,43.8,1450.0,,,planar,-451.5,505.5,506.0,519.6,492.6,1425.8,-464.9,1411.7,-1633.8,-194.3,-1744.2,1532.2,1240.3,-10.5,1129.9,1716.0,-516.4,1
381,19.0500,1,hybrid:ecc,0.8773,0.253,20.6,965.7,-176.340,-2531.9,-251.7,-2642.4,1474.8,1978.2,1770.4,2088.6,43.9,1450.0,,,planar,-451.5,505.5,506.0,519.6,492.6,1425.8,-464.9,1411.7,-1633.8,-194.2,-1744.2,1532.3,1240.3,-10.4,1129.9,1716.1,-516.4,1
382,19.1000,1,hybrid:ecc,0.8773,0.253,20.6,965.6,-176.340,-2531.9,-251.8,-2642.4,1474.7,1978.2,1770.3,2088.6,43.8,1450.0,,,planar,-451.5,505.5,506.0,519.6,492.6,1425.8,-464.9,1411.7,-1633.8,-194.3,-1744.2,1532.2,1240.3,-10.5,1129.9,1716.0,-516.4,1
383,19.1500,1,hybrid:ecc,0.8773,0.253,20.6,965.6,-176.340,-2531.9,-251.8,-2642.4,1474.7,1978.2,1770.3,2088.6,43.8,1450.0,,,planar,-451.5,505.5,506.0,519.6,492.6,1425.8,-464.9,1411.7,-1633.8,-194.3,-1744.2,1532.2,1240.3,-10.5,1129.9,1716.0,-516.4,1
384,19.2000,1,hybrid:ecc,0.8755,0.254,20.6,965.6,-176.328,-2531.7,-252.3,-2642.5,1474.2,1978.0,1770.7,2088.8,44.2,1450.0,,,planar,-451.4,505.4,506.1,519.7,492.6,1425.9,-464.9,1411.6,-1633.5,-194.7,-1744.3,1531.8,1240.5,-10.2,1129.7,1716.3,-516.5,1
385,19.2500,1,hybrid:ecc,0.8754,0.254,20.6,965.6,-176.328,-2531.7,-252.3,-2642.5,1474.2,1978.0,1770.7,2088.8,44.2,1450.0,,,planar,-451.4,505.4,506.1,519.7,492.6,1425.9,-464.9,1411.6,-1633.5,-194.7,-1744.3,1531.8,1240.5,-10.2,1129.7,1716.3,-516.5,1
386,19.3000,1,hybrid:ecc,0.8755,0.253,20.6,965.6,-176.328,-2531.7,-252.3,-2642.5,1474.2,1978.0,1770.7,2088.8,44.2,1450.0,,,planar,-451.4,505.4,506.1,519.7,492.6,1425.9,-464.9,1411.6,-1633.5,-194.7,-1744.3,1531.8,1240.5,-10.2,1129.7,1716.3,-516.5,1
387,19.3500,1,hybrid:ecc,0.8753,0.253,20.6,965.7,-176.328,-2531.7,-252.2,-2642.5,1474.3,1978.0,1770.8,2088.8,44.3,1450.0,,,planar,-451.4,505.4,506.1,519.7,492.6,1425.9,-464.9,1411.6,-1633.5,-194.6,-1744.3,1531.9,1240.5,-10.1,1129.7,1716.4,-516.5,1
388,19.4000,1,hybrid:ecc,0.8753,0.253,20.6,965.7,-176.328,-2531.7,-252.2,-2642.5,1474.3,1978.0,1770.8,2088.8,44.3,1450.0,,,planar,-451.4,505.4,506.1,519.7,492.6,1425.9,-464.9,1411.6,-1633.5,-194.6,-1744.3,1531.9,1240.5,-10.1,1129.7,1716.4,-516.5,1
389,19.4500,1,hybrid:ecc,0.8740,0.258,20.6,965.6,-176.328,-2531.7,-252.3,-2642.5,1474.2,1978.0,1770.7,2088.8,44.2,1450.0,,,planar,-451.4,505.4,506.1,519.7,492.6,1425.9,-464.9,1411.6,-1633.5,-194.7,-1744.3,1531.8,1240.5,-10.2,1129.7,1716.3,-516.5,1
390,19.5000,1,hybrid:ecc,0.8735,0.262,20.6,965.6,-176.334,-2531.8,-252.0,-2642.4,1474.4,1978.1,1770.5,2088.7,44.0,1450.0,,,planar,-451.4,505.4,506.1,519.6,492.6,1425.8,-464.9,1411.6,-1633.7,-194.5,-1744.3,1532.0,1240.4,-10.3,1129.8,1716.1,-516.5,1
391,19.5500,1,hybrid:ecc,0.8708,0.268,20.6,965.7,-176.328,-2531.7,-252.2,-2642.5,1474.3,1978.0,1770.8,2088.8,44.3,1450.0,,,planar,-451.4,505.4,506.1,519.7,492.5,1425.9,-465.0,1411.6,-1633.5,-194.6,-1744.3,1531.9,1240.5,-10.1,1129.7,1716.4,-516.5,1
392,19.6000,1,hybrid:ecc,0.8708,0.268,20.6,965.7,-176.328,-2531.7,-252.2,-2642.5,1474.3,1978.0,1770.8,2088.8,44.3,1450.0,,,planar,-451.4,505.4,506.1,519.7,492.5,1425.9,-465.0,1411.6,-1633.5,-194.6,-1744.3,1531.9,1240.5,-10.1,1129.7,1716.4,-516.5,1
393,19.6500,1,hybrid:ecc,0.8707,0.268,20.6,965.7,-176.328,-2531.7,-252.2,-2642.5,1474.3,1978.0,1770.8,2088.8,44.3,1450.0,,,planar,-451.4,505.4,506.1,519.7,492.5,1425.9,-465.0,1411.6,-1633.5,-194.6,-1744.3,1531.9,1240.5,-10.1,1129.7,1716.4,-516.5,1
394,19.7000,1,hybrid:ecc,0.8694,0.269,20.6,965.7,-176.334,-2531.8,-251.9,-2642.4,1474.5,1978.1,1770.6,2088.7,44.1,1450.0,,,planar,-451.4,505.5,506.1,519.7,492.6,1425.9,-464.9,1411.7,-1633.7,-194.4,-1744.3,1532.1,1240.4,-10.2,1129.8,1716.2,-516.5,1
395,19.7500,1,hybrid:ecc,0.8695,0.269,20.6,965.7,-176.334,-2531.8,-251.9,-2642.4,1474.5,1978.1,1770.6,2088.7,44.1,1450.0,,,planar,-451.4,505.5,506.0,519.7,492.6,1425.9,-464.9,1411.7,-1633.7,-194.4,-1744.3,1532.1,1240.4,-10.2,1129.8,1716.2,-516.5,1
396,19.8000,1,hybrid:ecc,0.8658,0.273,20.5,965.7,-176.334,-2531.9,-251.9,-2642.5,1474.5,1978.0,1770.6,2088.6,44.1,1450.0,,,planar,-451.5,505.5,506.0,519.7,492.6,1425.9,-464.9,1411.7,-1633.8,-194.4,-1744.4,1532.1,1240.3,-10.2,1129.7,1716.2,-516.6,1
397,19.8500,1,hybrid:ecc,0.8659,0.273,20.5,965.7,-176.334,-2531.9,-251.9,-2642.5,1474.5,1978.0,1770.6,2088.6,44.1,1450.0,,,planar,-451.5,505.5,506.0,519.7,492.6,1425.9,-464.9,1411.7,-1633.8,-194.4,-1744.4,1532.1,1240.3,-10.2,1129.7,1716.2,-516.6,1
398,19.9000,1,hybrid:ecc,0.8655,0.272,20.6,965.7,-176.328,-2531.7,-252.2,-2642.5,1474.3,1978.0,1770.8,2088.8,44.3,1450.0,,,planar,-451.4,505.5,506.1,519.8,492.5,1426.0,-464.9,1411.7,-1633.5,-194.6,-1744.3,1531.9,1240.5,-10.1,1129.7,1716.4,-516.5,1
399,19.9500,1,hybrid:ecc,0.8655,0.272,20.6,965.7,-176.328,-2531.7,-252.2,-2642.5,1474.3,1978.0,1770.8,2088.8,44.3,1450.0,,,planar,-451.4,505.5,506.1,519.8,492.5,1426.0,-464.9,1411.7,-1633.5,-194.6,-1744.3,1531.9,1240.5,-10.1,1129.7,1716.4,-516.5,1
400,20.0000,1,hybrid:ecc,0.8655,0.272,20.6,965.7,-176.328,-2531.7,-252.2,-2642.5,1474.3,1978.0,1770.8,2088.8,44.3,1450.0,,,planar,-451.4,505.5,506.1,519.8,492.5,1426.0,-464.9,1411.7,-1633.5,-194.6,-1744.3,1531.9,1240.5,-10.1,1129.7,1716.4,-516.5,1
401,20.0500,1,hybrid:ecc,0.8655,0.266,20.5,965.6,-176.310,-2531.4,-253.1,-2642.8,1473.3,1977.6,1771.3,2089.0,44.9,1450.0,,,planar,-451.4,505.2,506.1,519.8,492.4,1426.0,-465.1,1411.4,-1633.3,-195.2,-1744.6,1531.2,1240.8,-9.8,1129.4,1716.6,-516.8,1
402,20.1000,1,hybrid:ecc,0.8675,0.265,19.5,964.9,-176.316,-2532.5,-253.5,-2643.7,1472.9,1976.7,1770.4,2087.9,44.0,1450.0,,,planar,-452.4,504.5,505.1,519.0,491.3,1425.2,-466.2,1410.7,-1634.4,-195.7,-1745.6,1530.7,1239.7,-10.6,1128.5,1715.8,-517.8,1
403,20.1500,1,hybrid:ecc,0.8590,0.275,18.9,963.2,-176.334,-2533.5,-254.4,-2644.1,1472.0,1976.4,1768.1,2087.0,41.6,1450.0,,,planar,-453.2,503.0,504.3,517.2,491.0,1423.4,-466.5,1409.2,-1635.4,-196.9,-1746.0,1529.6,1238.7,-12.7,1128.1,1713.7,-518.3,1
404,20.2000,1,hybrid:ecc,0.8560,0.274,18.4,961.6,-176.364,-2534.7,-254.7,-2644.4,1471.8,1976.3,1765.5,2086.0,38.9,1450.0,,,planar,-453.8,501.7,503.7,515.4,490.7,1421.6,-466.8,1407.9,-1636.5,-197.6,-1746.2,1528.9,1237.7,-15.0,1128.0,1711.6,-518.5,1
405,20.2500,1,hybrid:ecc,0.8569,0.271,18.1,959.7,-176.370,-2535.1,-256.3,-2644.6,1470.2,1976.1,1763.4,2085.6,36.8,1450.0,,,planar,-454.2,499.8,503.3,513.4,490.4,1419.6,-467.1,1406.0,-1636.9,-199.3,-1746.4,1527.2,1237.3,-17.0,1127.8,1709.5,-518.8,1
406,20.3000,1,hybrid:ecc,0.8570,0.271,18.0,959.4,-176.376,-2535.3,-256.4,-2644.7,1470.2,1976.1,1762.9,2085.4,36.3,1450.0,,,planar,-454.3,499.6,503.2,513.1,490.4,1419.3,-467.1,1405.8,-1637.1,-199.5,-1746.5,1527.1,1237.1,-17.4,1127.8,1709.1,-518.9,1
407,20.3500,1,hybrid:ecc,0.8573,0.270,18.0,959.3,-176.370,-2535.2,-256.7,-2644.7,1469.8,1976.0,1763.0,2085.5,36.4,1450.0,,,planar,-454.3,499.4,503.2,513.0,490.3,1419.2,-467.2,1405.6,-1637.0,-199.7,-1746.5,1526.8,1237.2,-17.4,1127.7,1709.1,-519.0,1
408,20.4000,1,hybrid:ecc,0.8611,0.266,18.0,959.1,-176.370,-2535.2,-256.9,-2644.7,1469.6,1976.0,1762.8,2085.5,36.2,1450.0,,,planar,-454.2,499.2,503.3,512.8,490.3,1419.1,-467.2,1405.4,-1637.0,-199.9,-1746.5,1526.6,1237.2,-17.6,1127.7,1708.9,-519.0,1
409,20.4500,1,hybrid:ecc,0.8566,0.266,17.6,959.1,-176.424,-2536.7,-254.5,-2644.6,1472.1,1976.3,1760.9,2084.3,34.3,1450.0,,,planar,-455.2,499.6,502.4,512.3,490.3,1418.6,-467.2,1405.8,-1638.5,-198.4,-1746.4,1528.2,1235.9,-18.7,1128.0,1707.9,-518.8,1
410,20.5000,1,hybrid:ecc,0.8625,0.252,16.1,958.9,-176.394,-2537.6,-256.1,-2646.4,1470.5,1974.4,1761.7,2083.2,35.2,1450.0,,,planar,-456.4,499.2,501.1,512.4,488.6,1418.6,-468.9,1405.4,-1639.4,-199.5,-1748.2,1527.1,1234.9,-18.3,1126.1,1708.3,-520.6,1
411,20.5500,1,hybrid:ecc,0.8836,0.253,12.9,958.9,-176.424,-2541.4,-254.7,-2649.3,1471.9,1971.6,1760.7,2079.6,34.1,1450.0,,,planar,-459.8,499.5,497.7,512.2,485.7,1418.4,-471.8,1405.7,-1643.2,-198.6,-1751.1,1528.0,1231.2,-18.9,1123.3,1707.7,-523.5,1
412,20.6000,1,hybrid:ecc,0.8617,0.258,9.0,958.8,-176.441,-2545.7,-254.0,-2653.1,1472.6,1968.0,1760.0,2075.4,33.3,1450.0,,,planar,-463.8,499.5,493.7,511.9,481.9,1418.1,-475.6,1405.7,-1647.4,-198.2,-1754.8,1528.5,1227.0,-19.4,1119.6,1707.2,-527.2,1
413,20.6500,1,hybrid:ecc,0.8837,0.262,3.7,958.5,-176.406,-2550.2,-255.9,-2658.7,1470.7,1962.2,1760.9,2070.6,34.3,1450.0,,,planar,-468.9,498.9,488.6,511.9,476.3,1418.1,-481.2,1405.1,-1652.0,-199.5,-1760.5,1527.1,1222.3,-19.0,1113.9,1707.6,-532.9,1
414,20.7000,1,hybrid:ecc,0.8794,0.249,-2.1,958.5,-176.340,-2554.6,-258.9,-2665.1,1467.6,1955.5,1763.2,2065.9,36.7,1450.0,,,planar,-474.2,498.3,483.3,512.4,470.0,1418.6,-487.5,1404.5,-1656.5,-201.4,-1766.9,1525.1,1217.6,-17.6,1107.2,1708.9,-539.4,1
415,20.7500,1,hybrid:ecc,0.8686,0.234,-9.4,957.0,-176.124,-2557.3,-270.0,-2674.3,1456.1,1945.1,1769.0,2062.1,43.0,1450.0,,,planar,-479.7,495.1,477.7,512.8,461.0,1419.0,-496.5,1401.3,-1659.4,-209.1,-1776.3,1516.9,1214.0,-14.5,1097.1,1711.6,-549.1,1
416,20.8000,1,hybrid:ecc,0.8630,0.236,-17.2,957.8,-176.298,-2568.9,-261.4,-2680.6,1465.0,1939.8,1763.9,2051.5,37.5,1450.0,,,planar,-489.0,497.3,468.5,512.1,454.5,1418.3,-502.9,1403.5,-1670.7,-203.3,-1782.4,1523.1,1203.3,-17.4,1091.6,1709.0,-555.0,1
417,20.8500,1,hybrid:ecc,0.8674,0.233,-26.4,958.4,-176.358,-2579.3,-258.2,-2689.2,1468.3,1931.4,1762.5,2041.3,36.0,1450.0,,,planar,-498.6,498.4,458.9,512.2,445.8,1418.5,-511.7,1404.7,-1681.1,-201.0,-1791.0,1525.5,1193.0,-18.0,1083.1,1708.5,-563.5,1
418,20.9000,1,hybrid:ecc,0.8779,0.237,-35.2,958.1,-176.148,-2583.7,-267.8,-2699.9,1458.3,1919.7,1769.3,2035.9,43.2,1450.0,,,planar,-505.7,496.4,451.7,513.7,435.3,1419.9,-522.1,1402.5,-1685.7,-207.3,-1801.9,1518.8,1187.8,-13.9,1071.6,1712.2,-574.6,1
419,20.9500,1,hybrid:ecc,0.8867,0.240,-45.4,958.6,-176.286,-2596.8,-261.2,-2708.9,1465.2,1911.4,1765.1,2023.5,38.8,1450.0,,,planar,-517.0,498.0,440.5,513.0,426.2,1419.2,-531.3,1404.2,-1698.7,-202.9,-1810.8,1523.5,1175.3,-16.3,1063.2,1710.1,-583.2,1
420,21.0000,1,hybrid:ecc,0.8916,0.239,-55.9,958.4,-176.202,-2605.5,-265.1,-2720.1,1461.1,1899.7,1767.8,2014.3,41.6,1450.0,,,planar,-526.8,497.1,430.6,513.5,415.0,1419.7,-542.4,1403.2,-1707.5,-205.5,-1822.1,1520.7,1166.2,-14.7,1051.6,1711.5,-594.7,1
421,21.0500,1,hybrid:ecc,0.8830,0.238,-66.9,958.1,-176.268,-2617.9,-262.5,-2730.5,1463.9,1889.7,1765.2,2002.3,38.9,1450.0,,,planar,-538.4,497.4,419.0,512.7,404.6,1418.9,-552.9,1403.6,-1719.8,-203.9,-1832.4,1522.4,1154.1,-16.4,1041.5,1709.9,-604.9,1
422,21.1000,1,hybrid:ecc,0.8744,0.241,-77.5,957.5,-176.088,-2624.7,-271.1,-2742.7,1454.9,1876.5,1770.8,1994.5,44.8,1450.0,,,planar,-547.5,495.3,409.9,513.6,392.5,1419.8,-564.9,1401.4,-1726.8,-209.7,-1844.8,1516.3,1146.5,-13.2,1028.5,1712.8,-617.5,1
423,21.1500,1,hybrid:ecc,0.8942,0.238,-89.8,958.0,-176.268,-2640.8,-262.6,-2753.4,1463.8,1866.8,1765.1,1979.4,38.8,1450.0,,,planar,-561.3,497.2,396.2,512.5,381.7,1418.7,-575.8,1403.4,-1742.7,-204.0,-1855.3,1522.4,1131.2,-16.5,1018.6,1709.8,-627.8,1
424,21.2000,1,hybrid:ecc,0.8764,0.244,-101.8,957.7,-176.154,-2650.4,-267.9,-2766.4,1458.2,1853.2,1768.7,1969.2,42.6,1450.0,,,planar,-572.4,496.0,385.0,513.2,368.8,1419.3,-588.7,1402.2,-1752.4,-207.6,-1868.4,1518.5,1121.1,-14.4,1005.1,1711.7,-641.1,1
425,21.2500,1,hybrid:ecc,0.8899,0.239,-113.9,956.9,-176.268,-2664.9,-263.7,-2777.5,1462.7,1842.7,1764.0,1955.3,37.7,1450.0,,,planar,-585.4,496.2,372.1,511.5,357.6,1417.7,-599.8,1402.4,-1766.8,-205.1,-1879.4,1521.3,1107.1,-17.6,994.5,1708.7,-652.0,1
426,21.3000,1,hybrid:ecc,0.8894,0.245,-124.3,956.9,-176.148,-2672.8,-269.0,-2789.0,1457.1,1830.6,1768.1,1946.8,42.0,1450.0,,,planar,-594.9,495.2,362.5,512.5,346.2,1418.6,-611.2,1401.4,-1774.8,-208.5,-1891.0,1517.6,1098.7,-15.1,982.5,1711.0,-663.6,1
427,21.3500,1,hybrid:ecc,0.8865,0.253,-133.1,957.2,-176.256,-2683.9,-263.9,-2796.8,1462.4,1823.3,1764.7,1936.3,38.4,1450.0,,,planar,-604.5,496.3,353.0,511.8,338.3,1418.0,-619.2,1402.5,-1785.8,-205.1,-1898.8,1521.2,1088.1,-17.1,975.1,1709.2,-671.3,1
428,21.4000,1,hybrid:ecc,0.8769,0.248,-137.8,956.3,-176.005,-2683.2,-276.0,-2803.7,1449.8,1815.0,1772.4,1935.6,46.6,1450.0,,,planar,-607.2,493.4,350.2,513.1,331.5,1419.2,-625.9,1399.5,-1785.4,-213.3,-1905.9,1512.5,1087.6,-12.6,967.1,1713.2,-678.7,1
429,21.4500,1,hybrid:ecc,0.8766,0.254,-138.3,956.5,-176.262,-2689.2,-264.3,-2802.0,1462.0,1818.2,1763.8,1931.0,37.5,1450.0,,,planar,-609.8,495.7,347.7,511.1,333.2,1417.2,-624.3,1401.9,-1791.1,-205.7,-1903.9,1520.7,1082.8,-17.9,970.0,1708.4,-676.4,1
430,21.5000,1,hybrid:ecc,0.8725,0.251,-135.5,956.4,-176.124,-2683.5,-270.6,-2800.4,1455.5,1819.0,1768.4,1936.0,42.4,1450.0,,,planar,-605.9,494.5,351.6,512.2,334.9,1418.3,-622.6,1400.7,-1785.5,-209.7,-1902.4,1516.3,1087.9,-15.1,971.0,1711.0,-675.1,1
431,21.5500,1,hybrid:ecc,0.8877,0.252,-133.3,956.6,-176.172,-2682.3,-268.2,-2797.8,1457.9,1821.9,1767.0,1937.4,40.9,1450.0,,,planar,-604.0,495.0,353.4,511.9,337.5,1418.1,-620.0,1401.2,-1784.3,-208.1,-1899.8,1518.0,1089.3,-15.9,973.8,1710.3,-672.4,1
432,21.6000,1,hybrid:ecc,0.8896,0.250,-131.9,958.2,-176.112,-2679.6,-269.3,-2796.9,1456.7,1822.5,1770.6,1939.8,44.6,1450.0,,,planar,-602.1,496.2,355.4,514.1,338.4,1420.3,-619.1,1402.3,-1781.7,-208.3,-1899.0,1517.8,1091.7,-13.0,974.4,1713.0,-671.6,1
433,21.6500,1,hybrid:ecc,0.8811,0.259,-132.1,960.9,-176.106,-2679.7,-266.8,-2797.1,1459.2,1822.2,1773.5,1939.6,47.5,1450.0,,,planar,-602.3,498.8,355.2,516.8,338.1,1423.0,-619.3,1404.9,-1781.7,-205.7,-1899.2,1520.3,1091.6,-10.2,974.1,1715.8,-671.7,1
434,21.7000,1,hybrid:ecc,0.8830,0.264,-132.7,961.9,-176.226,-2682.8,-260.5,-2796.7,1465.7,1823.3,1770.5,1937.1,44.2,1450.0,,,planar,-603.9,500.8,353.6,516.8,338.4,1423.0,-619.0,1407.0,-1784.8,-201.3,-1898.6,1525.0,1089.0,-11.7,975.1,1714.5,-671.0,1
435,21.7500,1,hybrid:ecc,0.8808,0.268,-132.3,962.2,-176.184,-2681.5,-262.1,-2796.7,1464.1,1823.1,1772.2,1938.2,46.0,1450.0,,,planar,-603.2,500.8,354.3,517.5,338.5,1423.7,-618.9,1407.0,-1783.5,-202.2,-1898.7,1524.0,1090.1,-10.5,975.0,1715.6,-671.0,1
436,21.8000,1,hybrid:ecc,0.8787,0.271,-132.1,961.9,-176.160,-2680.8,-263.5,-2796.7,1462.7,1822.9,1772.7,1938.8,46.6,1450.0,,,planar,-602.7,500.3,354.7,517.4,338.5,1423.6,-618.9,1406.5,-1782.8,-203.2,-1898.7,1522.9,1090.7,-10.3,974.8,1715.8,-671.1,1
437,21.8500,1,hybrid:ecc,0.8781,0.275,-132.5,960.8,-176.196,-2682.0,-263.0,-2796.8,1463.2,1823.0,1770.4,1937.8,44.2,1450.0,,,planar,-603.4,499.4,354.1,515.9,338.4,1422.1,-619.0,1405.6,-1784.0,-203.3,-1898.7,1522.9,1089.7,-12.2,974.9,1714.0,-671.1,1
438,21.9000,1,hybrid:ecc,0.8763,0.275,-132.4,960.5,-176.106,-2680.0,-267.3,-2797.4,1458.8,1821.9,1773.2,1939.3,47.1,1450.0,,,planar,-602.6,498.4,354.8,516.4,337.8,1422.5,-619.6,1404.5,-1782.0,-206.1,-1899.5,1519.9,1091.3,-10.6,973.8,1715.4,-672.0,1
439,21.9500,1,hybrid:ecc,0.8757,0.278,-132.7,960.5,-176.172,-2681.7,-264.3,-2797.2,1461.8,1822.5,1770.9,1938.0,44.8,1450.0,,,planar,-603.4,498.9,354.0,515.8,338.0,1422.0,-619.5,1405.1,-1783.7,-204.2,-1899.2,1521.9,1089.9,-12.0,974.4,1714.2,-671.6,1
440,22.0000,1,hybrid:ecc,0.8725,0.272,-132.9,960.5,-176.166,-2681.7,-264.6,-2797.4,1461.5,1822.2,1771.1,1937.9,45.0,1450.0,,,planar,-603.6,498.9,353.8,515.9,337.8,1422.0,-619.6,1405.1,-1783.8,-204.4,-1899.4,1521.7,1089.8,-11.9,974.1,1714.3,-671.9,1
441,22.0500,1,hybrid:ecc,0.8698,0.277,-132.9,960.5,-176.172,-2681.9,-264.3,-2797.4,1461.8,1822.3,1770.9,1937.8,44.8,1450.0,,,planar,-603.6,499.0,353.9,515.9,337.8,1422.1,-619.6,1405.2,-1783.9,-204.2,-1899.4,1521.9,1089.7,-12.0,974.2,1714.2,-671.8,1
442,22.1000,1,hybrid:ecc,0.8669,0.280,-132.9,960.6,-176.172,-2681.9,-264.2,-2797.4,1461.9,1822.3,1771.0,1937.8,44.9,1450.0,,,planar,-603.6,499.1,353.9,516.0,337.8,1422.2,-619.6,1405.2,-1783.9,-204.1,-1899.4,1522.0,1089.7,-11.9,974.2,1714.3,-671.8,1
443,22.1500,1,hybrid:ecc,0.8671,0.275,-132.8,960.7,-176.166,-2681.6,-264.4,-2797.3,1461.7,1822.3,1771.3,1938.0,45.2,1450.0,,,planar,-603.5,499.1,354.0,516.1,337.8,1422.3,-619.6,1405.2,-1783.7,-204.2,-1899.3,1521.9,1089.9,-11.7,974.2,1714.5,-671.8,1
444,22.2000,1,hybrid:ecc,0.8666,0.272,-132.9,960.8,-176.154,-2681.5,-264.8,-2797.5,1461.3,1822.1,1771.8,1938.1,45.7,1450.0,,,planar,-603.5,499.1,353.9,516.3,337.6,1422.4,-619.8,1405.3,-1783.5,-204.5,-1899.5,1521.6,1090.0,-11.3,974.0,1714.8,-672.0,1
445,22.2500,1,hybrid:ecc,0.8662,0.272,-132.9,960.8,-176.154,-2681.5,-264.8,-2797.5,1461.3,1822.1,1771.8,1938.1,45.7,1450.0,,,planar,-603.5,499.1,354.0,516.3,337.6,1422.5,-619.8,1405.2,-1783.5,-204.5,-1899.5,1521.6,1090.0,-11.3,974.0,1714.8,-672.0,1
446,22.3000,1,hybrid:ecc,0.8664,0.270,-132.9,960.8,-176.166,-2681.7,-264.3,-2797.4,1461.8,1822.2,1771.4,1937.9,45.3,1450.0,,,planar,-603.6,499.2,353.8,516.2,337.7,1422.4,-619.7,1405.4,-1783.8,-204.1,-1899.4,1522.0,1089.8,-11.6,974.1,1714.6,-671.9,1
447,22.3500,1,hybrid:ecc,0.8655,0.273,-132.9,960.8,-176.166,-2681.7,-264.3,-2797.4,1461.8,1822.2,1771.4,1937.9,45.3,1450.0,,,planar,-603.6,499.2,353.9,516.2,337.7,1422.4,-619.7,1405.3,-1783.8,-204.1,-1899.4,1522.0,1089.8,-11.6,974.1,1714.6,-671.9,1
448,22.4000,1,hybrid:ecc,0.8654,0.272,-132.9,960.8,-176.160,-2681.6,-264.6,-2797.5,1461.6,1822.1,1771.6,1938.0,45.5,1450.0,,,planar,-603.6,499.2,353.9,516.3,337.7,1422.4,-619.7,1405.4,-1783.6,-204.3,-1899.5,1521.8,1089.9,-11.4,974.0,1714.7,-671.9,1
449,22.4500,1,hybrid:ecc,0.8656,0.272,-132.9,960.8,-176.166,-2681.7,-264.3,-2797.4,1461.8,1822.2,1771.4,1937.9,45.3,1450.0,,,planar,-603.6,499.2,353.9,516.2,337.7,1422.4,-619.7,1405.3,-1783.8,-204.1,-1899.4,1522.0,1089.8,-11.6,974.1,1714.6,-671.9,1
450,22.5000,1,hybrid:ecc,0.8637,0.263,-132.4,960.9,-176.130,-2680.5,-265.8,-2797.2,1460.3,1822.2,1772.7,1939.0,46.7,1450.0,,,planar,-602.7,499.0,354.7,516.6,338.0,1422.8,-619.5,1405.1,-1782.5,-205.0,-1899.3,1521.0,1090.9,-10.7,974.1,1715.4,-671.7,1
451,22.5500,1,hybrid:ecc,0.8620,0.267,-132.4,960.9,-176.124,-2680.4,-266.1,-2797.3,1460.0,1822.1,1772.9,1939.1,46.9,1450.0,,,planar,-602.7,499.0,354.8,516.7,337.9,1422.9,-619.5,1405.1,-1782.4,-205.2,-1899.3,1520.8,1091.0,-10.6,974.1,1715.5,-671.8,1
452,22.6000,1,hybrid:ecc,0.8616,0.267,-132.4,960.9,-176.112,-2680.1,-266.6,-2797.4,1459.4,1822.0,1773.3,1939.3,47.3,1450.0,,,planar,-602.6,498.9,354.8,516.8,337.9,1422.9,-619.5,1405.1,-1782.2,-205.6,-1899.5,1520.5,1091.2,-10.3,973.9,1715.7,-671.9,1
453,22.6500,1,hybrid:ecc,0.8607,0.269,-132.4,960.9,-176.112,-2680.1,-266.6,-2797.4,1459.4,1822.0,1773.3,1939.3,47.3,1450.0,,,planar,-602.6,498.9,354.8,516.8,337.9,1422.9,-619.5,1405.1,-1782.2,-205.6,-1899.5,1520.5,1091.2,-10.3,973.9,1715.7,-671.9,1
454,22.7000,1,hybrid:ecc,0.8606,0.268,-132.4,960.9,-176.112,-2680.1,-266.6,-2797.4,1459.4,1822.0,1773.3,1939.3,47.3,1450.0,,,planar,-602.6,498.9,354.8,516.8,337.9,1422.9,-619.5,1405.1,-1782.2,-205.6,-1899.5,1520.5,1091.2,-10.3,973.9,1715.7,-671.9,1
455,22.7500,1,hybrid:ecc,0.8410,0.284,-132.7,961.1,-176.232,-2683.0,-261.1,-2796.6,1465.2,1823.4,1769.5,1937.0,43.2,1450.0,,,planar,-603.9,500.1,353.5,516.0,338.5,1422.1,-619.0,1406.2,-1784.9,-201.9,-1898.6,1524.3,1088.9,-12.7,975.2,1713.6,-670.9,1
456,22.8000,1,hybrid:ecc,0.8404,0.284,-132.4,961.1,-176.190,-2681.8,-262.9,-2796.7,1463.3,1823.1,1770.9,1938.0,44.7,1450.0,,,planar,-603.3,499.7,354.2,516.3,338.5,1422.4,-619.0,1405.9,-1783.7,-203.1,-1898.7,1523.1,1089.9,-11.8,974.9,1714.4,-671.1,1
457,22.8500,1,hybrid:ecc,0.8395,0.286,-132.4,961.1,-176.172,-2681.4,-263.7,-2796.9,1462.4,1822.8,1771.5,1938.3,45.4,1450.0,,,planar,-603.2,499.5,354.3,516.4,338.3,1422.6,-619.1,1405.7,-1783.4,-203.6,-1898.9,1522.5,1090.2,-11.4,974.7,1714.8,-671.3,1
458,22.9000,1,hybrid:ecc,0.8408,0.282,-132.4,961.1,-176.166,-2681.2,-264.0,-2796.9,1462.1,1822.7,1771.7,1938.4,45.6,1450.0,,,planar,-603.1,499.5,354.3,516.5,338.3,1422.6,-619.2,1405.7,-1783.3,-203.8,-1898.9,1522.3,1090.3,-11.3,974.6,1714.9,-671.4,1
459,22.9500,1,hybrid:ecc,0.8414,0.281,-132.4,961.0,-176.166,-2681.2,-264.1,-2796.9,1462.0,1822.7,1771.6,1938.4,45.5,1450.0,,,planar,-603.1,499.5,354.3,516.5,338.3,1422.6,-619.2,1405.6,-1783.3,-203.9,-1898.9,1522.2,1090.3,-11.4,974.6,1714.8,-671.4,1
460,23.0000,1,hybrid:ecc,0.8413,0.281,-132.4,961.0,-176.172,-2681.4,-263.8,-2796.9,1462.3,1822.8,1771.4,1938.3,45.3,1450.0,,,planar,-603.1,499.5,354.3,516.4,338.3,1422.6,-619.2,1405.6,-1783.4,-203.7,-1898.9,1522.4,1090.2,-11.5,974.7,1714.7,-671.3,1
461,23.0500,1,hybrid:ecc,0.8409,0.281,-132.4,961.0,-176.166,-2681.2,-264.1,-2796.9,1462.0,1822.7,1771.6,1938.4,45.5,1450.0,,,planar,-603.1,499.5,354.3,516.5,338.3,1422.6,-619.2,1405.6,-1783.3,-203.9,-1898.9,1522.2,1090.3,-11.4,974.6,1714.8,-671.4,1
462,23.1000,1,hybrid:ecc,0.8397,0.284,-132.4,961.1,-176.172,-2681.4,-263.7,-2796.9,1462.4,1822.8,1771.5,1938.3,45.4,1450.0,,,planar,-603.1,499.5,354.3,516.4,338.3,1422.6,-619.2,1405.7,-1783.4,-203.6,-1898.9,1522.5,1090.2,-11.4,974.7,1714.8,-671.3,1
463,23.1500,1,hybrid:ecc,0.8389,0.287,-132.4,961.1,-176.166,-2681.2,-264.0,-2796.9,1462.1,1822.7,1771.7,1938.4,45.6,1450.0,,,planar,-603.1,499.5,354.3,516.5,338.3,1422.6,-619.2,1405.7,-1783.3,-203.8,-1898.9,1522.3,1090.3,-11.3,974.6,1714.9,-671.4,1
464,23.2000,1,hybrid:ecc,0.8391,0.287,-132.4,961.1,-176.166,-2681.2,-264.0,-2796.9,1462.1,1822.7,1771.7,1938.4,45.6,1450.0,,,planar,-603.1,499.5,354.3,516.5,338.3,1422.6,-619.2,1405.7,-1783.3,-203.8,-1898.9,1522.3,1090.3,-11.3,974.6,1714.9,-671.4,1
465,23.2500,1,hybrid:ecc,0.8394,0.286,-132.4,961.1,-176.166,-2681.2,-264.0,-2796.9,1462.1,1822.7,1771.7,1938.4,45.6,1450.0,,,planar,-603.1,499.5,354.3,516.5,338.3,1422.6,-619.2,1405.7,-1783.3,-203.8,-1898.9,1522.3,1090.3,-11.3,974.6,1714.9,-671.4,1
466,23.3000,1,hybrid:ecc,0.8406,0.284,-132.4,961.1,-176.166,-2681.2,-264.0,-2796.9,1462.1,1822.7,1771.7,1938.4,45.6,1450.0,,,planar,-603.1,499.5,354.3,516.5,338.3,1422.6,-619.2,1405.7,-1783.3,-203.8,-1898.9,1522.3,1090.3,-11.3,974.6,1714.9,-671.4,1
467,23.3500,1,hybrid:ecc,0.8418,0.281,-132.4,961.1,-176.166,-2681.2,-264.0,-2796.9,1462.1,1822.7,1771.7,1938.4,45.6,1450.0,,,planar,-603.1,499.5,354.3,516.5,338.3,1422.6,-619.2,1405.7,-1783.3,-203.8,-1898.9,1522.3,1090.3,-11.3,974.6,1714.9,-671.4,1
468,23.4000,1,hybrid:ecc,0.8423,0.282,-132.4,961.1,-176.166,-2681.2,-264.0,-2796.9,1462.1,1822.7,1771.7,1938.4,45.6,1450.0,,,planar,-603.1,499.5,354.3,516.5,338.3,1422.6,-619.2,1405.7,-1783.3,-203.8,-1898.9,1522.3,1090.3,-11.3,974.6,1714.9,-671.4,1
469,23.4500,1,hybrid:ecc,0.8427,0.281,-132.4,961.1,-176.166,-2681.2,-264.0,-2796.9,1462.1,1822.7,1771.7,1938.4,45.6,1450.0,,,planar,-603.1,499.5,354.3,516.5,338.3,1422.6,-619.1,1405.7,-1783.3,-203.8,-1898.9,1522.3,1090.3,-11.3,974.6,1714.9,-671.4,1
470,23.5000,1,hybrid:ecc,0.8425,0.283,-132.4,961.1,-176.166,-2681.2,-264.0,-2796.9,1462.1,1822.7,1771.7,1938.4,45.6,1450.0,,,planar,-603.1,499.5,354.3,516.5,338.3,1422.6,-619.2,1405.7,-1783.3,-203.8,-1898.9,1522.3,1090.3,-11.3,974.6,1714.9,-671.4,1
471,23.5500,1,hybrid:ecc,0.8426,0.282,-132.4,961.1,-176.166,-2681.2,-264.0,-2796.9,1462.1,1822.7,1771.7,1938.4,45.6,1450.0,,,planar,-603.1,499.5,354.3,516.5,338.3,1422.6,-619.2,1405.7,-1783.3,-203.8,-1898.9,1522.3,1090.3,-11.3,974.6,1714.9,-671.4,1
472,23.6000,1,hybrid:ecc,0.8417,0.287,-132.5,961.0,-176.166,-2681.3,-264.1,-2797.0,1462.0,1822.6,1771.6,1938.3,45.5,1450.0,,,planar,-603.1,499.5,354.3,516.5,338.2,1422.6,-619.2,1405.6,-1783.4,-203.9,-1899.0,1522.2,1090.2,-11.4,974.5,1714.8,-671.5,1
473,23.6500,1,hybrid:ecc,0.8414,0.288,-132.5,961.0,-176.166,-2681.3,-264.1,-2797.0,1462.0,1822.6,1771.6,1938.3,45.5,1450.0,,,planar,-603.1,499.5,354.3,516.5,338.2,1422.6,-619.2,1405.6,-1783.4,-203.9,-1899.0,1522.2,1090.2,-11.4,974.5,1714.8,-671.5,1
474,23.7000,1,hybrid:ecc,0.8413,0.288,-132.5,961.1,-176.166,-2681.3,-264.0,-2797.0,1462.1,1822.6,1771.7,1938.3,45.6,1450.0,,,planar,-603.1,499.5,354.3,516.5,338.2,1422.6,-619.2,1405.6,-1783.4,-203.8,-1899.0,1522.3,1090.2,-11.3,974.5,1714.9,-671.5,1
475,23.7500,1,hybrid:ecc,0.8408,0.290,-132.5,961.1,-176.166,-2681.3,-264.0,-2797.0,1462.1,1822.6,1771.7,1938.3,45.6,1450.0,,,planar,-603.1,499.5,354.3,516.5,338.2,1422.6,-619.2,1405.6,-1783.4,-203.8,-1899.0,1522.3,1090.2,-11.3,974.5,1714.9,-671.5,1
476,23.8000,1,hybrid:ecc,0.8417,0.288,-132.5,961.0,-176.166,-2681.3,-264.1,-2797.0,1462.0,1822.6,1771.6,1938.3,45.5,1450.0,,,planar,-603.1,499.5,354.3,516.5,338.2,1422.6,-619.2,1405.6,-1783.4,-203.9,-1899.0,1522.2,1090.2,-11.4,974.5,1714.8,-671.5,1
477,23.8500,1,hybrid:ecc,0.8430,0.286,-132.5,961.0,-176.166,-2681.3,-264.1,-2797.0,1462.0,1822.6,1771.6,1938.3,45.5,1450.0,,,planar,-603.1,499.4,354.3,516.4,338.2,1422.6,-619.2,1405.6,-1783.4,-203.9,-1899.0,1522.2,1090.2,-11.4,974.5,1714.8,-671.5,1
478,23.9000,1,hybrid:ecc,0.8427,0.286,-132.5,961.0,-176.160,-2681.2,-264.4,-2797.1,1461.8,1822.5,1771.8,1938.4,45.7,1450.0,,,planar,-603.1,499.4,354.3,516.5,338.2,1422.6,-619.2,1405.6,-1783.2,-204.1,-1899.1,1522.0,1090.3,-11.2,974.4,1714.9,-671.5,1
479,23.9500,1,hybrid:ecc,0.8421,0.287,-132.5,961.0,-176.160,-2681.2,-264.4,-2797.1,1461.8,1822.5,1771.8,1938.4,45.7,1450.0,,,planar,-603.1,499.4,354.3,516.5,338.2,1422.6,-619.2,1405.6,-1783.2,-204.1,-1899.1,1522.0,1090.3,-11.2,974.4,1714.9,-671.5,1
480,24.0000,1,hybrid:ecc,0.8414,0.290,-132.5,961.0,-176.160,-2681.2,-264.4,-2797.1,1461.8,1822.5,1771.8,1938.4,45.7,1450.0,,,planar,-603.1,499.4,354.3,516.5,338.2,1422.6,-619.3,1405.5,-1783.2,-204.1,-1899.1,1522.0,1090.3,-11.2,974.4,1714.9,-671.5,1
